,total smalis,receiver,service,activity,READ_CALENDAR,WRITE_CALENDAR,CAMERA,READ_CONTACTS,WRITE_CONTACTS,GET_ACCOUNTS,ACCESS_FINE_LOCATION,ACCESS_COARSE_LOCATION,ACCESS_WIFI_STATE,KILL_BACKGROUND_PROCESSES,RECORD_AUDIO,READ_PHONE_STATE,READ_PHONE_NUMBERS,CALL_PHONE,WAKE_LOCK,DISABLE_KEYGUARD,INTERNET,WRITE_SETTINGS,ANSWER_PHONE_CALLS,READ_CALL_LOG,WRITE_CALL_LOG,ADD_VOICEMAIL,USE_SIP,PROCESS_OUTGOING_CALLS,BODY_SENSORS,ACCESS_NETWORK_STATE,SEND_SMS,RECEIVE_SMS,READ_SMS,RECEIVE_WAP_PUSH,RECEIVE_MMS,READ_EXTERNAL_STORAGE,WRITE_EXTERNAL_STORAGE,CALL_LOG,DEVICE_ADMIN_ENABLED,SET_WALLPAPER,USER_PRESENT,QUICKBOOT_POWERON,BOOT_COMPLETED,REBOOT,SYSTEM_ALERT_WINDOW,GET_TASKS,MOUNT_UNMOUNT_FILESYSTEMS,.method public,.method private,.method protected,.class public,.class private,.class protected,sendTextMessage,sendDataMessage,sendMultimediaMessage,sendMultipartTextMessage,setReadOnly,setReadable,setWritable,Cipher,execSQL,SQLiteDatabase,bindSocket,openConnection,getFilesDir,getCacheDir,getExternalFilesDir,getExternalCacheDir,shareIntent,readPhoneNumber,FileInputStream,getSharedPreferences,telephony,getMessageBody,getDisplayOriginatingAddress,wallpaper,crypto,Name
0,9452,13,13,37,0,0,0,1,0,1,0,0,0,0,0,0,0,0,1,0,1,0,0,0,0,0,0,0,0,1,0,0,0,0,0,1,1,0,0,0,0,0,1,0,0,0,0,764,0,3,0,0,0,0,0,0,0,1,0,0,257,13,69,0,6,17,4,4,2,0,0,41,42,0,21,0,0,598,out_ch.protonmail.android
1,12273,13,10,25,0,0,1,0,0,0,1,0,1,0,0,0,0,0,1,0,1,0,0,0,0,0,0,0,0,1,0,0,0,0,0,1,1,0,0,0,0,0,1,0,0,0,0,40,2,0,0,0,0,0,0,0,0,1,7,2,341,51,463,0,20,40,14,4,6,0,0,76,70,24,0,0,0,172,out_ch.sbb.mobile.android.b2c
2,7954,16,24,73,0,0,0,1,1,1,1,1,0,0,1,1,0,1,1,0,1,1,0,0,0,0,0,0,0,1,0,0,0,0,0,1,1,0,0,0,0,0,1,0,0,0,0,2,0,0,0,0,0,0,0,0,0,1,1,1,67,41,804,0,16,15,5,6,3,0,0,89,7,5,0,0,0,309,out_ch.threema.app.work
3,7491,12,13,43,0,0,1,1,0,1,0,0,1,0,1,1,0,0,1,0,1,0,0,0,0,0,0,0,0,1,0,0,0,0,0,1,1,0,0,0,0,0,1,0,1,0,0,10,1,0,0,0,0,0,0,0,0,1,4,4,49,44,872,0,18,18,11,5,6,0,0,70,145,19,0,0,0,59,out_chat.anti
4,7254,17,33,63,0,0,1,0,0,0,1,1,1,0,1,1,0,0,1,0,1,1,0,0,0,0,0,0,0,1,0,0,0,0,0,1,1,0,0,0,0,0,1,0,1,0,0,4,3,0,0,0,0,0,0,0,0,2,3,0,52,23,138,0,79,39,21,5,5,0,0,124,149,11,0,0,0,93,out_chat.videogirlsnew2
5,7782,7,18,51,0,0,0,0,0,0,0,0,0,0,0,0,0,0,1,0,1,0,0,0,0,0,0,0,0,1,0,0,0,0,0,0,1,0,0,0,0,0,0,0,0,0,0,0,3,0,0,0,0,0,0,0,0,1,5,2,86,33,345,0,94,36,19,2,2,0,0,115,138,13,0,0,0,133,out_chathot.citashotenlinea
6,7782,7,18,51,0,0,0,0,0,0,0,0,0,0,0,0,0,0,1,0,1,0,0,0,0,0,0,0,0,1,0,0,0,0,0,0,1,0,0,0,0,0,0,0,0,0,0,0,3,0,0,0,0,0,0,0,0,1,5,2,86,33,345,0,94,36,19,2,2,0,0,115,138,13,0,0,0,133,out_chathotgratis.chathotgratis
7,9206,8,23,59,0,0,0,0,0,0,1,0,1,0,0,0,0,0,1,0,1,0,0,0,0,0,0,0,0,1,0,0,0,0,0,0,1,0,0,0,0,0,0,0,0,0,0,1,3,0,0,0,0,0,0,0,0,1,5,2,86,35,358,0,113,61,20,2,2,0,0,125,155,72,0,0,0,137,out_chattusa.tenhacksforu
8,9738,18,18,29,0,0,0,0,0,0,1,1,0,0,0,0,0,0,1,0,1,0,0,0,0,0,0,0,0,1,0,0,0,0,0,0,1,0,0,0,0,0,1,0,0,0,0,27,9,0,0,0,0,0,0,0,0,1,9,8,34,18,357,0,22,35,14,8,9,0,0,116,80,3,0,0,0,48,out_chess.friends.game.play
9,6712,8,7,15,0,0,0,0,0,0,0,0,1,0,0,1,0,0,1,0,1,0,0,0,0,0,0,0,0,1,0,0,0,0,0,0,1,0,0,0,0,0,0,0,0,1,0,17,5,0,0,0,0,0,0,0,0,0,8,6,23,16,329,0,21,9,11,4,3,0,0,88,59,11,0,0,0,36,out_chessfriends.online.chess
10,8073,0,2,12,0,0,0,0,0,0,0,0,0,0,0,0,0,0,0,0,1,0,0,0,0,0,0,0,0,0,0,0,0,0,0,0,1,0,0,0,0,0,0,0,0,0,0,6,0,0,0,0,0,0,0,0,0,0,8,6,15,11,222,0,14,6,12,4,5,0,0,114,17,4,0,0,0,29,out_chumob.cut.paste.photo.editor
11,11131,4,8,19,0,0,0,0,0,0,0,0,1,0,0,0,0,0,1,0,1,0,0,0,0,0,0,0,0,1,0,0,0,0,0,0,0,0,0,0,0,0,0,0,0,0,0,9,6,0,0,0,0,0,0,0,0,1,5,2,65,17,264,0,26,12,33,3,4,0,0,157,118,7,0,0,0,114,out_circle.game.bead16
12,5641,4,8,5,0,0,1,0,0,0,0,0,0,0,0,0,0,0,1,0,1,0,0,0,0,0,0,0,0,1,0,0,0,0,0,0,1,0,0,0,0,0,0,0,0,0,0,17,4,0,0,0,0,0,0,0,0,0,7,6,22,13,293,0,14,30,6,5,6,0,0,77,32,1,0,0,0,30,out_city.waffle.manager
13,451,0,1,2,0,0,1,0,0,0,1,0,1,0,1,1,0,0,0,0,1,0,0,0,0,0,0,0,0,1,0,0,0,0,0,0,1,0,0,0,0,0,0,0,0,0,0,0,0,0,0,0,0,0,0,0,0,0,0,0,0,0,0,0,0,0,0,2,0,0,0,8,0,13,0,0,0,0,out_cityguide.probki.net
14,4962,1,0,5,0,0,0,0,0,0,0,0,1,0,0,1,0,0,1,0,1,0,0,0,0,0,0,0,0,1,0,0,0,0,0,1,1,0,0,0,0,0,0,0,1,0,0,35,5,0,0,0,0,0,0,0,0,0,0,1,145,1,69,0,6,4,14,5,5,0,0,82,20,1,0,0,0,32,out_cl.modoplay.modoplay
15,12691,7,9,51,0,0,0,0,0,0,0,0,0,0,0,0,0,0,1,0,1,0,0,0,0,0,0,0,0,1,0,0,0,0,0,1,1,0,0,0,0,0,0,0,0,0,0,187,13,1,0,0,0,0,0,0,0,1,9,6,186,17,319,0,26,31,28,5,7,0,0,119,74,7,0,0,0,125,out_cl.ned.golplay
16,11443,8,11,58,0,0,1,0,0,0,1,0,1,0,0,1,0,0,1,0,1,0,0,0,0,0,0,0,0,1,0,0,0,0,0,1,1,0,0,0,0,0,0,0,0,0,0,28,1,0,0,0,0,0,0,0,0,1,6,6,1471,31,395,0,19,7,7,5,5,0,0,62,31,10,0,0,0,7718,out_cl.saydl.client
17,4347,2,0,26,0,0,0,0,0,0,1,1,0,0,0,0,0,0,0,0,1,0,0,0,0,0,0,0,0,1,0,0,0,0,0,1,1,0,0,0,0,0,0,0,0,0,0,10,4,0,0,0,0,0,0,0,0,0,0,0,145,5,26,0,4,3,7,3,4,0,0,39,7,2,0,0,0,95,out_cl.ubo.ubomobile
18,4339,7,7,7,0,0,0,0,0,0,1,1,0,0,0,1,0,0,1,0,1,1,0,0,0,0,0,0,0,1,0,0,0,0,0,0,1,0,0,0,0,0,0,0,0,0,0,9,6,0,0,0,0,0,0,0,0,0,3,2,13,7,206,0,13,4,5,5,3,0,0,47,50,31,0,0,0,12,out_claro.club
19,12163,3,7,6,0,0,0,0,0,0,0,0,0,0,0,0,0,0,1,0,1,0,0,0,0,0,0,0,0,1,0,0,0,0,0,0,0,0,0,0,0,0,0,0,0,0,0,16,2,0,0,0,0,0,0,0,0,0,6,2,70,37,342,0,39,10,35,7,8,0,0,124,52,77,0,0,0,120,out_clr.rksoftware.com.autocomment
20,15411,8,22,69,0,0,1,1,0,1,1,1,1,0,1,1,0,1,1,0,1,1,0,0,0,0,0,0,0,1,0,0,0,0,0,1,1,0,0,0,0,0,0,0,1,0,1,55,15,0,0,0,0,0,0,0,0,1,6,7,455,89,822,0,28,44,23,6,13,0,0,201,73,10,3,0,0,655,out_club.fromfactory
21,11794,4,8,31,0,0,1,0,0,0,0,0,1,0,0,0,0,0,1,0,1,0,0,0,0,0,0,0,0,1,0,0,0,0,0,1,1,0,0,0,1,0,0,0,1,0,0,16,5,0,0,0,0,0,0,0,0,0,5,2,51,12,258,0,28,33,25,8,10,0,0,106,71,7,0,0,0,95,out_club.magicphoto.squarequicknew
22,16965,11,21,30,1,1,1,0,0,1,1,1,1,0,1,1,0,1,1,1,1,0,0,0,0,0,0,0,0,1,0,0,0,0,0,1,1,0,0,0,0,0,1,0,0,0,0,58,2,0,0,0,0,0,0,0,0,1,13,11,131,60,611,0,46,47,46,9,10,0,0,144,71,35,0,0,0,37,out_co.tamatem.awadcar
23,6511,2,1,9,0,0,0,1,0,1,1,0,1,0,1,1,0,0,1,0,1,0,0,0,0,0,0,0,0,1,0,0,0,0,0,1,1,0,0,0,0,0,0,0,0,0,0,14,1,0,0,0,0,0,0,0,0,0,2,2,52,24,194,0,16,14,15,4,4,0,0,71,62,35,0,0,0,104,out_co.tamatem.dynastyblades
24,3896,0,0,3,0,0,0,0,0,0,0,0,0,0,0,0,0,0,0,0,1,0,0,0,0,0,0,0,0,1,0,0,0,0,0,0,0,0,0,0,0,0,0,0,0,0,0,0,0,0,0,0,0,0,0,0,0,0,4,4,3,9,103,0,7,1,7,0,1,0,0,42,16,9,0,0,0,5,out_co.tamatem.moronTestG
25,9386,6,8,17,0,0,0,0,0,0,0,0,1,0,0,0,0,0,1,0,1,0,0,0,0,0,0,0,0,1,0,0,0,0,0,1,0,0,0,0,0,0,0,0,0,0,0,30,4,0,0,0,0,11,0,0,0,0,9,6,129,54,724,0,49,39,16,5,6,0,0,116,81,44,0,0,0,42,out_co.tamatem.vipbaloot
26,14262,8,14,122,0,0,1,1,0,1,1,1,1,0,1,1,0,0,1,0,1,0,0,0,0,0,0,0,0,1,0,0,0,0,0,1,1,0,0,0,0,0,1,0,1,0,0,61,10,2,0,0,0,0,0,0,0,2,0,0,132,0,0,0,2,7,10,6,6,0,0,70,9,1,0,0,0,41,out_co.thefabulous.app
27,25967,11,26,46,0,0,1,0,0,1,0,0,1,0,1,1,0,0,1,0,1,1,0,0,0,0,0,0,0,1,0,0,0,0,0,1,1,0,0,0,0,0,1,0,0,0,0,185,18,0,0,0,0,2,0,0,0,0,7,4,652,86,763,0,68,46,34,8,9,0,1,207,142,55,9,0,7,755,out_co.triller.droid
28,2358,0,0,2,0,0,0,0,0,0,0,0,0,0,0,0,0,0,1,0,1,0,0,0,0,0,0,0,0,1,0,0,0,0,0,0,0,0,0,0,0,0,0,0,0,0,0,2,0,0,0,0,0,0,0,0,0,0,4,4,15,5,100,0,7,1,2,4,4,0,0,42,11,0,0,0,0,24,out_co.ubongo.herufi.na.akili
29,8709,5,6,28,0,0,1,0,0,0,1,1,0,0,0,0,0,0,1,0,1,0,0,0,0,0,0,0,0,1,0,0,0,0,0,1,1,0,0,0,0,0,0,0,0,0,0,14,10,0,0,0,0,0,0,0,0,1,3,2,129,6,220,0,17,6,7,3,3,0,0,79,90,1,0,0,0,12,out_co.uk.demomedia.BNPAttendee
30,9915,10,19,19,0,0,1,0,0,0,1,1,0,0,1,1,0,0,1,0,1,1,0,0,0,0,0,0,0,1,0,0,0,0,0,1,1,0,0,0,0,0,1,0,0,0,0,26,4,0,0,0,0,0,0,0,0,1,4,3,147,11,311,0,17,40,12,5,7,0,1,64,60,22,0,0,0,32,out_co.wehelp
31,6400,3,5,4,0,0,0,0,0,0,0,0,0,0,0,0,0,0,1,0,1,0,0,0,0,0,0,0,0,1,0,0,0,0,0,0,0,0,0,0,0,0,0,0,0,0,0,16,3,0,0,0,0,0,0,0,0,0,5,2,46,12,241,0,18,30,29,7,5,0,0,66,36,3,0,0,0,81,out_co.whatsaround.app
32,9857,16,18,42,0,0,0,0,0,0,1,1,1,0,0,0,0,0,1,0,1,1,0,0,0,0,0,0,0,1,0,0,0,0,0,1,1,0,0,0,0,0,1,0,0,0,0,16,0,0,0,0,0,0,0,0,0,1,5,5,12,32,415,0,21,37,17,5,3,0,0,76,85,12,0,0,0,0,out_co.windyapp.android
33,4869,8,6,9,0,0,0,0,0,0,0,0,0,0,0,0,0,0,1,0,1,0,0,0,0,0,0,0,0,1,0,0,0,0,0,0,0,0,0,0,0,0,0,0,0,0,0,20,5,0,0,0,0,0,0,0,0,0,2,2,6,4,181,0,8,30,10,5,5,0,0,47,33,1,0,0,0,12,out_co.wordupapp.app
34,3757,8,13,30,0,0,1,0,0,0,0,0,1,0,1,1,0,0,1,0,1,0,0,0,0,0,0,0,0,1,0,0,0,0,0,1,1,0,0,0,0,0,0,0,0,0,0,5,4,0,0,0,0,0,0,0,0,0,3,2,173,7,205,0,3,3,3,3,4,0,0,37,24,0,0,0,0,68,out_co.yellw.yellowapp
35,25253,22,34,133,0,0,1,0,0,0,1,0,1,0,1,1,0,0,1,0,1,1,0,0,0,0,0,0,0,1,0,0,0,0,0,1,1,0,0,0,0,0,1,0,1,0,0,15,2,0,0,0,0,0,0,0,0,2,13,7,133,79,789,0,83,48,39,17,11,0,0,263,177,95,0,0,0,238,out_cocina.cubana
36,4352,0,0,13,0,0,0,0,0,0,0,0,0,0,0,0,0,0,0,0,1,0,0,0,0,0,0,0,0,1,0,0,0,0,0,0,0,0,0,0,0,0,0,0,0,0,0,3,1,0,0,0,0,0,0,0,0,1,3,0,33,0,0,0,12,3,10,3,3,0,0,35,18,6,0,0,0,69,out_cocteles.tragos
37,7466,7,13,14,0,0,0,0,0,0,0,0,1,0,0,0,0,0,1,0,1,1,0,0,0,0,0,0,0,1,0,0,0,0,0,0,0,0,0,0,0,0,1,0,0,0,0,2,0,0,0,0,0,0,0,0,0,0,5,2,48,11,299,0,14,4,9,2,2,0,0,40,30,3,0,0,0,70,out_code.permis.tunisie
38,7609,7,13,14,0,0,0,0,0,0,0,0,1,0,0,0,0,0,1,0,1,1,0,0,0,0,0,0,0,1,0,0,0,0,0,0,0,0,0,0,0,0,1,0,0,0,0,2,0,0,0,0,0,0,0,0,0,0,5,2,48,11,299,0,14,4,9,2,2,0,0,45,31,4,0,0,0,70,out_code.route.tunisie
39,6442,6,17,83,0,0,1,1,0,1,1,1,1,0,0,1,0,1,1,0,1,0,0,0,0,0,0,0,0,1,0,0,0,0,0,1,1,0,0,0,0,0,0,0,0,0,0,1,0,0,0,0,0,0,0,0,0,0,2,2,14,3,56,0,13,2,16,2,4,0,0,62,63,13,0,0,0,14,out_code2lab.com.doemal
40,11994,6,13,164,0,0,0,0,0,0,0,1,1,0,1,0,0,0,1,0,1,0,0,0,0,0,0,0,0,1,0,0,0,0,0,1,1,0,0,0,0,0,0,0,0,1,0,1,0,0,0,0,0,0,0,0,0,1,8,5,42,25,341,0,43,12,13,3,3,0,0,93,353,9,0,0,0,111,out_codematics.universal.tv.remote.control
41,0,0,0,0,0,0,0,0,0,0,0,0,0,0,0,0,0,0,0,0,0,0,0,0,0,0,0,0,0,0,0,0,0,0,0,0,0,0,0,0,0,0,0,0,0,0,0,0,0,0,0,0,0,0,0,0,0,0,0,0,0,0,0,0,0,0,0,0,0,0,0,0,0,0,0,0,0,0,out_codesoftwares.sindhitipno2017
42,5340,8,13,16,0,0,1,0,0,0,0,0,0,0,0,1,0,0,1,0,1,1,0,0,0,0,0,0,0,1,0,0,0,0,0,1,1,0,0,0,0,0,1,0,0,0,0,0,0,0,0,0,0,0,0,0,0,0,5,2,38,11,273,0,16,9,16,0,3,0,0,46,45,5,0,0,0,69,out_coffee.bl3arabi.com
43,8035,6,9,19,0,0,1,0,0,1,1,1,1,0,0,0,0,0,1,0,1,0,0,0,0,0,0,0,0,1,0,0,0,0,0,0,1,0,0,0,0,0,1,0,0,1,0,178,2,0,0,0,0,0,0,0,0,0,2,2,26,17,156,0,16,11,12,6,8,0,0,66,56,34,0,0,0,45,out_coffee.fore2.fore
44,5259,12,23,52,0,0,1,0,0,0,0,0,1,0,0,0,0,0,1,0,1,1,0,0,0,0,0,0,0,1,0,0,0,0,0,1,0,0,0,0,0,0,1,0,0,0,0,10,2,0,0,0,0,0,0,0,0,1,4,4,9,13,223,0,10,3,6,3,3,0,0,57,20,3,0,0,0,17,out_com.a3chabtibia.si7a3afia2016
45,1717,3,6,4,0,0,0,0,0,0,0,0,1,0,0,0,0,0,1,0,1,1,0,0,0,0,0,0,0,1,0,0,0,0,0,1,1,0,0,0,0,0,0,0,0,0,0,0,0,0,0,0,0,0,0,0,0,0,0,0,6,2,23,0,9,8,8,5,5,0,0,28,47,4,0,0,0,15,out_com.a3d4medical.completeanatomy
46,6253,4,6,10,0,0,0,0,0,0,0,0,0,0,0,0,0,0,1,0,1,0,0,0,0,0,0,0,0,1,0,0,0,0,0,1,1,0,0,0,0,0,0,0,0,0,0,10,2,0,0,0,0,0,0,0,0,0,5,2,178,7,229,0,11,3,9,3,3,0,0,50,27,3,0,0,0,101,out_com.a7la.brdcast
47,13627,12,35,125,0,0,1,0,0,0,1,1,1,0,0,1,0,0,1,0,1,0,0,0,0,0,0,0,0,1,0,0,0,0,0,1,1,0,0,0,0,0,1,0,0,0,0,14,7,0,0,0,0,0,0,0,0,0,9,2,105,13,245,0,29,6,37,6,8,0,0,123,60,37,0,0,0,184,out_com.aa.extreme.city.gt.car.stunts
48,6320,0,1,10,0,0,0,0,0,0,0,0,1,0,0,1,0,0,0,0,1,0,0,0,0,0,0,0,0,1,0,0,0,0,0,0,1,0,0,0,0,0,0,0,0,0,0,8,5,0,0,0,0,0,0,0,0,0,4,0,51,1,5,0,15,3,28,3,5,0,0,70,35,22,0,0,0,94,out_com.aa.genius.superhero.chilli.mania
49,6449,0,1,12,0,0,0,0,0,0,0,0,1,0,0,1,0,0,0,0,1,0,0,0,0,0,0,0,0,1,0,0,0,0,0,0,1,0,0,0,0,0,0,0,0,0,0,8,5,0,0,0,0,0,0,0,0,0,4,0,51,1,5,0,14,3,28,3,5,0,0,66,35,22,0,0,0,94,out_com.aa.Turbo.car.rush.Mountain
50,3234,2,3,16,0,0,1,0,0,0,0,0,0,0,0,0,0,0,1,0,1,1,0,0,0,0,0,0,0,1,0,0,0,0,0,0,1,0,0,0,0,0,0,0,0,0,0,5,1,0,0,0,0,0,0,0,0,0,0,0,12,0,0,0,2,2,4,3,3,0,0,31,7,0,0,0,0,29,out_com.aacparty
51,10410,8,8,72,0,0,1,1,0,0,0,0,1,0,0,0,0,0,1,0,1,0,0,0,0,0,0,0,0,1,0,0,0,0,0,1,1,0,0,0,0,0,0,0,0,0,0,69,3,0,0,0,0,0,0,0,0,1,3,4,309,99,1176,0,22,62,47,5,10,0,0,106,92,6,0,0,0,56,out_com.aadhk.woinvoice
52,3078,0,0,3,0,0,0,0,0,0,0,0,0,0,0,0,0,0,0,0,1,0,0,0,0,0,0,0,0,1,0,0,0,0,0,0,0,0,0,0,0,0,0,0,0,0,0,0,0,0,0,0,0,0,0,0,0,0,8,6,3,10,188,0,8,0,6,0,0,0,0,22,10,3,0,0,0,5,out_com.aak.drawfood
53,7313,13,9,62,0,0,0,1,0,1,0,0,1,0,0,1,0,0,1,0,1,0,0,0,0,0,0,0,0,1,0,0,0,0,0,1,1,0,0,0,0,0,1,0,0,0,0,91,2,2,0,0,0,0,0,0,0,1,2,0,32,13,177,0,7,7,17,7,7,0,0,62,51,10,0,0,0,63,out_com.aasnsprojects.maydasuralar
54,9330,3,9,50,0,0,0,0,0,0,0,1,1,0,0,0,0,0,0,0,1,0,0,0,0,0,0,0,0,1,0,0,0,0,0,0,1,0,0,0,0,0,0,0,0,0,0,3,3,0,0,0,0,0,0,0,0,0,4,0,68,68,182,0,48,24,16,8,5,0,0,75,67,149,0,0,0,114,out_com.AB.DRD
55,8437,3,2,57,0,0,0,0,0,0,0,1,1,0,0,0,0,0,0,0,1,0,0,0,0,0,0,0,0,1,0,0,0,0,0,0,1,0,0,0,0,0,0,0,0,0,0,6,0,0,0,0,0,0,0,0,0,0,2,0,54,3,25,0,51,28,21,8,6,0,0,56,63,101,0,0,0,73,out_com.AB.RCDHD
56,9315,3,9,51,0,0,0,0,0,0,0,1,1,0,0,0,0,0,0,0,1,0,0,0,0,0,0,0,0,1,0,0,0,0,0,0,1,0,0,0,0,0,0,0,0,0,0,3,3,0,0,0,0,0,0,0,0,0,4,0,68,68,182,0,49,24,16,8,5,0,0,79,67,149,0,0,0,114,out_com.AB.RCDZIL
57,13258,12,15,62,0,0,0,0,0,0,0,0,0,0,1,0,0,0,1,0,1,0,0,0,0,0,0,0,0,1,0,0,0,0,0,1,1,0,0,0,0,0,0,0,0,0,0,26,3,0,0,0,0,0,0,0,0,1,8,5,180,34,438,0,29,35,23,3,3,0,0,98,78,25,0,0,0,75,out_com.abaenglish.videoclass
58,37067,32,49,63,0,0,1,0,0,1,1,1,1,0,1,1,0,0,1,0,1,1,0,0,0,0,0,0,0,1,0,0,0,0,0,1,1,0,0,0,0,0,1,0,1,1,0,180,22,7,0,0,0,0,0,0,0,2,12,6,445,112,967,0,81,103,94,17,11,0,0,381,333,84,0,0,0,620,out_com.abccontent.mahartv
59,9245,22,15,51,0,0,0,0,0,0,0,0,1,0,0,0,0,0,1,0,1,0,0,0,0,0,0,0,0,1,0,0,0,0,0,1,1,0,0,0,0,0,1,0,0,0,0,17,6,0,0,0,0,0,0,0,0,2,5,2,41,12,220,0,14,8,15,11,10,0,0,124,59,7,0,0,0,74,out_com.abcode.like
60,3775,6,3,8,0,0,0,0,0,0,0,0,0,0,0,0,0,0,1,0,1,0,0,0,0,0,0,0,0,1,0,0,0,0,0,1,1,0,0,0,0,0,0,0,0,0,0,4,0,0,0,0,0,0,0,0,0,0,4,2,17,6,196,0,9,19,7,1,1,0,0,29,18,3,0,0,0,14,out_com.abcode.textgram
61,7153,4,7,32,0,0,0,0,0,0,1,1,1,0,0,0,0,0,1,0,1,0,0,0,0,0,0,0,0,1,0,0,0,0,0,1,1,0,0,0,0,0,1,0,0,0,0,10,2,0,0,0,0,0,0,0,0,1,5,2,180,7,205,0,16,17,13,3,3,0,0,64,41,64,0,0,0,102,out_com.abdelmonem.designer
62,4976,1,3,8,0,0,1,0,0,0,1,1,1,0,0,0,0,0,0,0,1,0,0,0,0,0,0,0,0,1,0,0,0,0,0,1,1,0,0,0,0,0,0,0,0,0,0,10,2,0,0,0,0,0,0,0,0,0,3,0,175,1,5,0,15,13,10,3,3,0,0,56,29,64,0,0,0,102,out_com.abdelmonem.Men.Hair
63,5634,1,3,16,0,0,0,0,0,0,1,1,1,0,0,0,0,0,0,0,1,0,0,0,0,0,0,0,0,1,0,0,0,0,0,1,1,0,0,0,0,0,0,0,0,0,0,10,2,0,0,0,0,0,0,0,0,0,3,0,175,1,5,0,15,13,10,3,3,0,0,56,29,64,0,0,0,102,out_com.abdelmonem.nameArt
64,6348,1,3,15,0,0,0,0,0,0,0,0,1,0,0,0,0,0,1,0,1,0,0,0,0,0,0,0,0,1,0,0,0,0,0,1,1,0,0,0,0,0,0,0,0,0,0,10,2,0,0,0,0,0,0,0,0,0,3,0,173,0,0,0,16,13,10,3,3,0,0,54,22,64,0,0,0,103,out_com.abdelmonem.nameonpics
65,6394,1,3,15,0,0,0,0,0,0,0,0,1,0,0,0,0,0,1,0,1,0,0,0,0,0,0,0,0,1,0,0,0,0,0,1,1,0,0,0,0,0,0,0,0,0,0,10,2,0,0,0,0,0,0,0,0,0,3,0,173,0,0,0,16,13,11,3,3,0,0,54,22,64,0,0,0,103,out_com.abdelmonem.TattoPhoto
66,6816,1,3,30,0,0,0,0,0,0,0,0,1,0,0,0,0,0,1,0,1,0,0,0,0,0,0,0,0,1,0,0,0,0,0,1,1,0,0,0,0,0,0,0,0,0,0,10,2,0,0,0,0,0,0,0,0,1,3,0,173,0,0,0,16,15,12,3,3,0,0,54,23,64,0,0,0,103,out_com.abdelmonem.writeonimage
67,5638,9,13,12,0,0,0,0,0,0,1,1,0,0,0,0,0,0,1,0,1,0,0,0,0,0,0,0,0,1,0,0,0,0,0,1,1,0,0,0,0,0,1,0,0,0,0,5,1,0,0,0,0,0,0,0,0,0,5,2,46,19,269,0,11,9,8,3,3,0,0,49,45,3,0,0,0,93,out_com.abdo.azan.zikr
68,7122,8,12,19,0,0,0,0,0,0,0,0,0,0,1,0,0,0,1,0,1,0,0,0,0,0,0,0,0,1,0,0,0,0,0,1,1,0,0,0,0,0,1,0,0,0,0,12,2,0,0,0,0,0,0,0,0,1,6,3,47,20,267,0,11,33,14,5,4,0,0,55,35,3,0,0,0,69,out_com.abdo.quran
69,3473,5,6,11,0,0,0,0,0,0,1,1,0,0,0,0,0,0,1,0,1,0,0,0,0,0,0,0,0,1,0,0,0,0,0,0,0,0,0,0,0,0,0,0,0,0,0,0,0,0,0,0,0,0,0,0,0,0,4,2,11,14,172,0,11,8,6,0,2,0,0,18,13,3,0,0,0,14,out_com.abdullah.jaza.kash
70,8482,9,11,49,0,0,0,0,0,0,1,1,0,0,0,0,0,0,1,0,1,0,0,0,0,0,0,0,0,1,0,0,0,0,0,0,1,0,0,0,0,0,0,0,0,0,0,6,0,0,0,0,0,0,0,0,0,1,7,4,57,24,345,0,41,13,28,6,5,0,0,121,132,25,0,0,0,110,out_com.abektis.fantasykitsoccer
71,5697,5,3,6,0,0,0,0,0,0,0,0,0,0,0,0,0,0,1,0,1,0,0,0,0,0,0,0,0,1,0,0,0,0,0,0,1,0,0,0,0,0,1,0,0,0,0,7,5,1,0,0,0,0,0,0,0,0,6,4,39,13,134,0,21,19,8,4,4,0,0,97,18,10,0,0,0,55,out_com.abg.VRVideoPlayer
72,6772,4,10,12,0,0,0,0,0,0,0,0,1,0,0,0,0,0,1,0,1,0,0,0,0,0,0,0,0,1,0,0,0,0,0,0,1,0,0,1,0,0,1,0,0,0,0,5,2,0,0,0,0,0,0,0,0,0,5,2,46,17,285,0,24,14,18,3,5,0,0,57,40,60,0,0,1064,81,out_com.abizard.blackpinkwallpaper
73,6772,4,10,12,0,0,0,0,0,0,0,0,1,0,0,0,0,0,1,0,1,0,0,0,0,0,0,0,0,1,0,0,0,0,0,0,1,0,0,1,0,0,1,0,0,0,0,5,2,0,0,0,0,0,0,0,0,0,5,2,46,17,285,0,24,14,18,3,5,0,0,57,40,60,0,0,1064,81,out_com.abizard.btswallpaper
74,6772,4,10,12,0,0,0,0,0,0,0,0,1,0,0,0,0,0,1,0,1,0,0,0,0,0,0,0,0,1,0,0,0,0,0,0,1,0,0,1,0,0,1,0,0,0,0,5,2,0,0,0,0,0,0,0,0,0,5,2,46,17,285,0,24,14,18,3,5,0,0,57,40,60,0,0,1064,81,out_com.abizard.exowallpaper
75,6772,4,10,12,0,0,0,0,0,0,0,0,1,0,0,0,0,0,1,0,1,0,0,0,0,0,0,0,0,1,0,0,0,0,0,0,1,0,0,1,0,0,1,0,0,0,0,5,2,0,0,0,0,0,0,0,0,0,5,2,46,17,285,0,24,14,18,3,5,0,0,57,40,60,0,0,1064,81,out_com.abizard.twicewallpaper
76,28237,23,33,110,0,0,0,1,1,1,1,1,1,0,0,1,0,0,1,0,1,0,0,0,0,0,0,0,0,1,0,0,0,0,0,1,1,0,0,0,0,0,0,0,0,0,0,141,19,1,0,0,0,0,0,0,0,2,22,18,910,62,965,0,64,72,46,13,16,0,0,277,176,29,0,0,0,1124,out_com.abscbn.iwantv
77,9171,11,14,60,0,0,0,0,0,0,0,0,1,0,0,0,0,0,1,0,1,0,0,0,0,0,0,0,0,1,0,0,0,0,0,1,1,0,0,0,0,0,0,0,0,0,0,8,3,0,0,0,0,0,0,0,0,0,4,0,72,56,168,0,55,35,20,11,9,0,0,87,68,176,0,0,0,105,out_com.abstractart.music_slayer
78,3533,9,12,87,0,0,0,0,0,0,0,0,1,0,0,0,0,0,1,0,1,0,0,0,0,0,0,0,0,1,0,0,0,0,0,1,1,0,0,0,0,0,0,0,0,0,0,6,2,0,0,0,0,0,0,0,0,1,2,0,17,5,35,0,6,3,7,3,3,0,0,34,10,3,0,0,0,26,out_com.abyadtherock.egybasraarab
79,1321,0,1,3,0,0,0,0,0,0,0,0,0,0,0,0,0,0,0,0,1,0,0,0,0,0,0,0,0,1,0,0,0,0,0,0,1,0,0,0,0,0,0,0,0,0,0,0,0,0,0,0,0,0,0,0,0,0,0,0,3,1,8,0,3,0,2,0,0,0,0,2,0,3,0,0,0,5,out_com.abyadtherock.egyptianbasra
80,15047,5,12,16,0,0,1,0,0,0,1,1,1,0,0,1,0,0,1,0,1,0,0,0,0,0,0,0,0,1,0,0,0,0,0,1,1,0,0,0,0,0,0,0,0,0,0,62,9,0,0,0,0,0,0,0,0,1,14,11,178,36,484,0,29,37,23,10,10,0,0,182,96,16,0,0,0,91,out_com.academicsingles.android
81,18961,16,19,67,0,1,0,0,0,1,1,1,1,0,1,1,0,1,1,0,1,1,0,0,0,0,0,0,0,1,0,0,0,0,0,1,0,0,0,0,0,0,1,0,0,0,0,66,1,0,0,0,0,0,0,0,0,1,9,6,198,64,566,0,66,29,19,7,6,0,0,92,114,82,0,0,0,107,out_com.accor.appli.hybrid
82,13368,17,19,53,0,0,1,0,0,0,0,0,1,0,0,0,0,0,1,0,1,0,0,0,0,0,0,0,0,1,0,0,0,0,0,0,1,0,0,0,0,0,1,0,0,0,0,21,5,0,0,0,0,0,0,0,0,1,7,4,169,125,710,0,25,19,20,4,3,0,0,105,58,12,0,0,0,74,out_com.account.book.quanzi
83,28131,49,56,101,0,0,1,0,0,0,1,1,1,0,1,1,0,0,1,1,1,1,0,0,0,0,0,0,0,1,0,0,0,0,0,1,1,0,0,0,0,0,1,0,1,1,0,265,10,2,0,0,0,0,0,0,0,2,15,8,271,175,1088,0,95,51,71,8,9,0,0,269,184,168,0,0,0,251,out_com.aceviral.angrygranrun
84,6278,4,3,18,0,0,0,0,0,0,0,0,0,0,0,1,0,0,1,0,1,0,0,0,0,0,0,0,0,1,0,0,0,0,0,0,1,0,0,0,0,0,0,0,0,0,0,7,5,0,0,0,0,0,0,0,0,0,7,4,15,7,115,0,23,10,19,4,4,0,0,94,22,5,0,0,0,29,out_com.aceviral.carrunner
85,11075,16,18,48,0,0,0,1,0,1,0,0,1,0,0,1,0,0,1,0,1,0,0,0,0,0,0,0,0,1,0,0,0,0,0,1,1,0,0,0,1,0,1,0,1,0,0,7,0,2,0,0,0,0,0,0,0,1,10,7,67,28,368,0,33,40,25,8,3,0,0,141,140,17,0,0,0,106,out_com.acg.master.wallpapers
86,9224,3,4,10,0,0,0,0,0,0,0,0,1,0,0,1,0,0,1,0,1,0,0,0,0,0,0,0,0,1,0,0,0,0,0,1,1,0,0,0,0,0,0,0,0,0,0,9,6,0,0,0,0,0,0,0,0,1,5,2,74,23,367,0,30,8,17,3,3,0,0,71,53,8,0,0,0,118,out_com.achanceapps.atom.aaprojv2
87,15451,17,10,38,0,0,0,0,0,0,1,0,1,0,0,0,0,0,1,0,1,0,0,0,0,0,0,0,0,1,0,0,0,0,0,1,1,0,0,0,0,0,1,0,0,0,0,619,9,0,1,0,0,0,0,0,0,2,4,3,22,61,437,0,31,38,45,9,13,0,0,127,115,49,0,0,0,28,out_com.acidcousins.chilly
88,12347,17,13,27,0,0,0,0,0,0,1,1,0,0,0,0,0,0,1,0,1,0,0,0,0,0,0,0,0,1,0,0,0,0,0,0,0,0,0,0,0,0,1,0,0,0,0,70,0,0,0,0,0,0,0,0,0,1,5,2,183,13,250,0,28,46,17,3,3,0,0,70,80,16,0,0,0,106,out_com.acmeaom.android.myradar
89,5822,7,8,10,0,0,0,0,0,1,1,1,1,0,0,1,0,0,1,0,1,1,0,0,0,0,0,0,0,1,0,0,0,0,0,0,1,0,0,0,0,0,0,0,1,0,0,7,4,0,0,0,0,0,0,0,0,1,3,0,105,0,11,0,10,4,9,3,3,0,0,58,31,16,0,0,0,116,out_com.acmhacettepe.developers.acmobil
90,10006,9,19,43,0,0,1,0,0,0,1,0,0,0,0,0,0,0,1,0,1,0,0,0,0,0,0,0,0,1,0,0,0,0,0,0,0,0,0,0,0,0,1,0,0,0,0,57,2,0,0,0,0,0,0,0,0,1,3,2,143,8,109,0,18,13,17,3,3,0,0,83,67,26,0,0,0,62,out_com.acorns.android
91,2659,10,7,34,0,0,0,0,0,0,0,0,1,0,0,1,0,0,0,0,1,0,0,0,0,0,0,0,0,1,0,0,0,0,0,1,0,0,0,0,0,0,1,0,0,0,0,6,3,0,0,0,0,0,0,0,0,0,0,0,23,0,0,0,1,26,2,3,3,0,0,99,29,5,0,0,0,172,out_com.acpl.registersdk
92,10854,4,5,11,0,0,0,0,0,0,0,0,1,0,0,0,0,0,0,0,1,0,0,0,0,0,0,0,0,1,0,0,0,0,0,1,1,0,0,0,0,0,0,0,0,1,0,72,6,0,0,0,0,0,0,0,0,2,6,3,163,21,288,0,24,39,16,5,5,0,0,124,79,25,0,0,0,272,out_com.acrobat.pdfreader.reader
93,372,0,0,7,0,0,0,0,0,0,0,0,0,0,0,0,0,0,0,0,1,0,0,0,0,0,0,0,0,1,0,0,0,0,0,0,0,0,0,0,0,0,0,0,0,0,0,8,2,0,0,0,0,0,0,0,0,0,1,0,3,0,0,0,4,2,16,0,2,0,0,11,12,8,0,0,0,0,out_com.actioncrab.onemangangster
94,21031,34,50,166,1,0,1,1,0,1,1,1,1,1,1,1,0,1,1,1,1,1,0,0,0,0,0,0,0,1,0,0,0,0,0,1,1,0,0,1,1,0,1,0,1,1,0,41,8,2,0,0,0,0,0,0,0,4,10,4,200,19,267,0,47,9,36,10,13,0,0,181,197,71,9,0,0,307,out_com.actionsmicro.ezcast
95,24388,26,32,92,0,0,1,1,0,1,1,1,1,0,0,1,0,0,1,0,1,0,0,0,0,0,0,0,0,1,0,0,0,0,0,1,1,0,0,0,0,0,1,0,0,0,0,72,8,1,0,0,0,0,0,0,0,2,3,2,242,13,234,0,42,47,29,11,13,0,0,182,81,14,4,0,0,188,out_com.activehours
96,26333,21,35,102,0,1,0,0,0,1,1,1,1,0,0,1,0,0,1,0,1,0,0,0,0,0,0,0,0,1,0,0,0,0,0,1,1,0,0,0,0,0,1,0,0,0,0,74,10,0,0,0,0,0,0,0,0,1,13,10,144,101,1039,0,72,46,33,10,11,0,0,223,148,95,0,0,0,206,out_com.acty.myfuellog2
97,8412,3,0,7,0,0,0,0,0,0,1,0,0,0,0,0,0,0,0,0,1,0,0,0,0,0,0,0,0,1,0,0,0,0,0,0,1,0,0,0,0,0,0,0,0,0,0,37,6,0,0,0,0,0,0,0,0,1,3,1,340,12,105,0,16,5,22,3,5,0,0,87,46,12,0,0,0,383,out_com.ada.app
98,54208,34,72,286,0,0,1,0,0,1,1,1,1,1,1,1,0,1,1,1,1,1,0,0,0,0,0,0,0,1,0,0,0,0,0,1,1,0,0,1,1,0,1,0,1,1,0,263,21,4,1,0,0,0,0,0,0,4,28,17,374,308,2496,0,119,99,90,13,24,0,0,477,516,213,0,0,169,560,out_com.addev.beenlovememory.lite
99,7439,2,1,23,0,0,0,0,0,0,1,1,1,0,0,0,0,0,0,0,1,0,0,0,0,0,0,0,0,1,0,0,0,0,0,1,0,0,0,0,0,0,0,0,0,1,0,0,0,0,0,0,0,0,0,0,0,1,3,0,36,7,45,0,22,10,19,1,0,0,0,78,78,18,0,0,0,79,out_com.adgad.kboard
100,44985,46,54,251,0,0,1,1,1,1,1,0,1,0,1,1,0,1,1,0,1,0,0,0,0,0,0,0,0,1,0,0,0,0,0,1,1,0,0,0,0,0,1,0,0,0,0,106,14,0,0,0,0,0,0,0,0,9,12,6,429,119,877,0,81,93,93,34,33,0,0,415,322,35,4,0,0,810,out_com.adobe.lrmobile
101,123,2,6,42,0,0,1,1,0,1,0,0,1,0,0,0,0,0,1,0,1,1,0,0,0,0,0,0,0,1,0,0,0,0,0,1,1,0,0,0,0,0,0,0,0,0,1,0,0,0,0,0,0,0,0,0,0,0,0,0,12,11,51,0,2,4,1,0,0,0,0,23,0,3,0,0,0,24,out_com.adobe.photoshopmix
102,17195,6,9,22,0,0,0,0,0,1,0,0,1,0,0,0,0,0,1,0,1,0,0,0,0,0,0,0,0,1,0,0,0,0,0,1,1,0,0,0,0,0,1,0,1,1,0,104,8,0,0,0,0,0,0,0,0,0,5,2,378,28,304,0,31,39,25,14,16,0,0,182,81,25,0,0,0,169,out_com.adobe.premiereclip
103,15340,12,22,106,0,0,1,1,0,1,0,0,1,0,0,0,0,0,1,0,1,0,0,0,0,0,0,0,0,1,0,0,0,0,0,1,1,0,0,1,0,0,1,0,0,0,0,46,8,1,0,0,0,0,0,0,0,5,2,2,276,127,683,0,21,36,84,14,8,0,0,158,433,5,0,0,0,181,out_com.adobe.reader
104,22522,25,24,111,0,0,1,1,1,1,1,1,1,0,0,1,0,0,1,0,1,1,0,0,0,0,0,0,0,1,0,0,0,0,0,1,1,0,0,0,0,0,1,0,0,0,0,2529,13,1,0,0,0,0,0,0,0,7,4,6,328,74,961,0,61,49,67,12,19,0,0,198,225,34,0,0,0,294,out_com.adpmobile.android
105,5361,6,6,84,0,0,0,0,0,0,0,0,0,0,0,0,0,0,1,0,1,0,0,0,0,0,0,0,0,1,0,0,0,0,0,0,0,0,0,0,0,0,1,0,0,0,0,1,0,0,0,0,0,0,0,0,0,0,7,4,39,9,261,0,14,6,12,3,3,0,0,69,28,3,0,0,0,69,out_com.adpog.diary
106,6023,2,0,12,0,0,1,0,0,0,0,0,0,0,0,0,0,0,0,0,1,0,0,0,0,0,0,0,0,1,0,0,0,0,0,1,1,0,0,0,0,0,0,0,0,0,1,35,1,0,0,0,0,0,0,0,0,1,0,0,7,21,118,0,4,9,5,6,2,0,0,49,17,1,0,0,0,21,out_com.adsk.sketchbook
107,15203,11,15,34,0,0,0,0,0,1,1,1,1,0,0,1,0,0,1,0,1,1,0,0,0,0,0,0,0,1,0,0,0,0,0,1,1,0,0,0,0,0,1,0,1,0,0,13,8,0,0,0,0,0,0,0,0,6,5,0,126,83,375,0,51,34,26,3,4,0,0,118,77,173,0,0,0,371,out_com.Adultcartoonvideo
108,4318,5,3,4,0,0,0,0,0,1,0,0,1,0,0,0,0,0,1,0,1,0,0,0,0,0,0,0,0,1,0,0,0,0,0,1,1,0,0,0,0,0,0,0,0,0,0,4,0,0,0,0,0,0,0,0,0,0,5,2,17,15,214,0,14,4,7,4,3,0,0,29,53,6,0,0,0,14,out_com.advanced.rootchecker
109,13116,32,23,40,1,0,1,0,0,0,1,0,1,0,0,1,0,0,1,1,1,1,0,0,0,0,0,0,0,1,0,0,0,0,0,1,1,0,0,0,0,0,1,0,0,0,0,5,1,0,0,0,0,1,0,0,0,1,11,8,93,121,647,0,37,24,25,2,2,0,0,152,213,56,8,0,0,244,out_com.advancedprocessmanager
110,8114,1,0,26,0,0,0,0,0,0,0,0,1,0,0,0,0,0,0,1,1,0,0,0,0,0,0,0,0,1,0,0,0,0,0,0,0,0,0,0,0,0,0,0,0,0,0,16,9,0,0,0,0,0,0,0,0,1,4,0,68,3,35,0,25,11,32,8,12,0,0,92,74,30,0,0,0,128,out_com.adventure.nes.island
111,2022,1,0,4,0,0,0,0,0,0,0,0,1,0,0,0,0,0,0,0,1,0,0,0,0,0,0,0,0,1,0,0,0,0,0,0,0,0,0,0,0,0,0,0,0,0,0,0,0,0,0,0,0,0,0,0,0,0,2,0,3,2,15,0,6,0,5,0,0,0,0,10,7,3,0,0,0,5,out_com.adwillz.healthbenefitsofsex
112,27648,43,92,273,0,0,0,1,0,1,1,1,1,0,0,1,0,0,1,0,1,0,0,0,0,0,0,0,0,1,0,0,0,0,0,1,1,0,0,1,0,0,1,0,0,1,0,115,15,7,0,0,0,1,2,0,0,2,16,10,170,37,635,0,59,45,34,6,10,0,0,200,133,49,10,0,0,231,out_com.aesoftware.tubio
113,23438,23,39,114,0,0,1,0,0,0,1,1,1,0,0,1,0,0,1,0,1,0,0,0,0,0,0,0,0,1,0,0,0,0,0,1,1,0,0,0,0,0,0,0,0,0,0,163,13,3,0,0,0,0,0,0,0,4,5,2,177,64,350,0,40,71,39,26,15,0,0,200,191,17,18,0,0,89,out_com.afieat.ini
114,2601,4,5,4,0,0,0,0,0,0,0,0,0,0,1,1,0,0,1,0,1,0,0,0,0,0,0,0,0,1,0,0,0,0,0,0,1,0,0,0,0,0,0,0,0,0,0,12,1,0,0,0,0,0,0,0,0,0,2,2,12,4,195,0,9,34,10,9,9,0,0,38,12,0,0,0,0,24,out_com.afm.ahbab
115,19915,11,15,158,0,0,1,0,0,0,0,1,1,0,1,1,0,0,1,1,1,1,0,0,0,0,0,0,0,1,0,0,0,0,0,1,1,0,0,1,0,0,1,0,0,1,0,16,4,2,0,0,0,1,0,0,0,1,7,3,310,57,628,0,33,25,38,5,8,0,0,167,124,57,8,0,0,203,out_com.afmobi.boomplayer
116,0,0,0,0,0,0,0,0,0,0,0,0,0,0,0,0,0,0,0,0,0,0,0,0,0,0,0,0,0,0,0,0,0,0,0,0,0,0,0,0,0,0,0,0,0,0,0,0,0,0,0,0,0,0,0,0,0,0,0,0,0,0,0,0,0,0,0,0,0,0,0,0,0,0,0,0,0,0,out_com.Africandressdesign.putrimustika
117,5132,4,7,5,0,0,0,0,0,0,0,0,1,0,0,0,0,0,1,0,1,1,0,0,0,0,0,0,0,1,0,0,0,0,0,0,0,0,0,0,0,0,1,0,0,0,0,5,4,0,0,0,0,0,0,0,0,0,3,0,47,6,110,0,10,2,9,3,3,0,0,47,26,4,0,0,0,93,out_com.africanlacefashion.app
118,19488,5,7,35,0,0,0,0,0,1,1,1,1,0,0,1,0,0,1,0,1,0,0,0,0,0,0,0,0,1,0,0,0,0,0,1,1,0,0,0,0,0,0,0,0,0,0,27,20,0,0,0,0,0,0,0,0,1,6,3,278,53,507,0,69,55,39,6,8,0,0,207,249,91,27,0,0,651,out_com.africasunrise.skinseed
119,5691,0,2,8,0,0,0,0,0,0,0,0,0,0,0,0,0,0,0,0,1,0,0,0,0,0,0,0,0,1,0,0,0,0,0,0,1,0,0,0,0,0,0,0,0,0,0,7,8,0,0,0,0,0,0,0,0,0,4,0,72,8,54,0,17,9,25,3,5,0,0,64,30,20,0,0,0,122,out_com.aftekgames.quiz2018
120,296,0,0,1,0,0,0,0,0,0,0,0,0,0,0,0,0,0,0,0,0,0,0,0,0,0,0,0,0,0,0,0,0,0,0,0,0,0,0,0,0,0,0,0,0,0,0,0,0,0,0,0,0,0,0,0,0,0,0,0,0,0,0,0,0,0,0,0,0,0,0,0,0,0,0,0,0,0,out_com.afterimagewebs.joserizal
121,4462,0,0,8,0,0,0,0,0,0,0,0,1,0,0,1,0,0,0,0,1,0,0,0,0,0,0,0,0,1,0,0,0,0,0,0,1,0,0,0,0,0,0,0,0,0,0,13,3,0,0,0,0,0,0,0,0,0,4,0,49,0,0,0,13,3,24,4,6,0,0,50,50,22,0,0,0,94,out_com.ag.smart.multilevel.luxury.car.parker
122,176,0,0,2,0,0,0,0,0,0,0,0,0,0,0,0,0,0,0,0,1,0,0,0,0,0,0,0,0,1,0,0,0,0,0,0,1,0,0,0,0,0,0,0,0,0,0,2,0,0,0,0,0,0,0,0,0,0,1,0,0,0,0,0,5,1,7,0,1,0,0,10,0,1,0,0,0,0,out_com.agaming.paranormalterritoryfree
123,6610,0,0,11,0,0,0,0,0,0,0,0,1,0,0,0,0,0,0,0,1,0,0,0,0,0,0,0,0,1,0,0,0,0,0,0,1,0,0,1,0,0,0,0,0,0,0,16,4,0,0,0,0,0,0,0,0,0,3,1,157,18,157,0,18,17,24,3,5,0,0,81,31,21,0,0,1019,56,out_com.agendapro.johnnavasstudio1400
124,10676,6,11,20,0,0,0,0,0,0,0,0,1,0,0,0,0,0,1,0,1,0,0,0,0,0,0,0,0,1,0,0,0,0,0,0,0,0,0,0,0,0,0,0,0,0,0,15,8,0,0,0,0,0,0,0,0,1,9,6,185,32,405,0,21,9,17,3,4,0,0,122,69,6,0,0,0,121,out_com.aggrego.loop
125,0,0,0,0,0,0,0,0,0,0,0,0,0,0,0,0,0,0,0,0,0,0,0,0,0,0,0,0,0,0,0,0,0,0,0,0,0,0,0,0,0,0,0,0,0,0,0,0,0,0,0,0,0,0,0,0,0,0,0,0,0,0,0,0,0,0,0,0,0,0,0,0,0,0,0,0,0,0,out_com.agilesoftresource
126,32576,40,45,311,1,0,1,0,0,1,1,1,1,0,0,1,0,0,1,0,1,0,0,0,0,0,0,0,0,1,0,0,0,0,0,1,1,0,0,0,0,0,1,0,0,0,0,86,15,0,0,0,0,0,0,0,0,1,18,6,201,59,653,0,120,42,77,22,29,0,0,383,443,82,0,0,0,370,out_com.ahass.hondapartscatalog
127,7310,1,1,8,0,0,0,0,0,0,0,0,0,0,0,0,0,0,0,0,1,0,0,0,0,0,0,0,0,1,0,0,0,0,0,0,0,0,0,0,0,0,0,0,0,0,0,0,0,0,0,0,0,0,0,0,0,0,6,4,9,12,150,0,13,3,14,4,4,0,0,47,13,11,0,0,0,12,out_com.Ahmad.Kzb
128,6022,0,0,4,0,0,0,0,0,0,0,0,1,0,0,0,0,0,0,0,1,0,0,0,0,0,0,0,0,1,0,0,0,0,0,0,0,0,0,0,0,0,0,0,0,0,0,0,0,0,0,0,0,0,0,0,0,0,6,4,3,12,146,0,10,2,11,0,0,0,0,45,15,5,0,0,0,5,out_com.Ahmad.WifiBoosterAR
129,2477,3,2,23,0,0,0,0,0,0,0,0,0,0,0,0,0,0,1,0,1,0,0,0,0,0,0,0,0,1,0,0,0,0,0,0,1,0,0,0,0,0,0,0,0,0,0,0,0,0,0,0,0,0,0,0,0,0,4,4,12,5,100,0,9,1,2,4,4,0,0,57,11,0,0,0,0,24,out_com.ahmed53.quraan
130,11529,2,5,23,0,0,0,0,0,1,0,0,1,0,0,0,0,0,1,0,1,0,0,0,0,0,0,0,0,1,0,0,0,0,0,0,0,0,0,0,0,0,0,0,0,0,0,24,6,0,0,0,0,0,0,0,0,1,5,0,167,65,200,0,28,36,40,6,6,0,0,109,80,83,0,0,0,104,out_com.ahmedabdulazeez.klmtmtqt
131,18793,4,9,40,0,0,0,0,0,0,0,0,0,0,0,0,0,0,0,0,1,0,0,0,0,0,0,0,0,1,0,0,0,0,0,0,1,0,0,0,0,0,0,0,0,0,0,24,14,0,0,0,0,0,0,0,0,1,9,2,106,19,282,0,49,20,51,8,10,0,0,172,138,48,0,0,0,179,out_com.ahoygames.okeypro
132,7737,4,4,18,0,0,0,0,0,0,0,0,0,0,0,0,0,0,1,0,1,0,0,0,0,0,0,0,0,1,0,0,0,0,0,1,1,0,0,0,0,0,0,0,0,0,0,10,1,0,0,0,0,0,0,0,0,1,6,3,40,17,272,0,15,8,18,6,4,0,0,77,52,4,0,0,0,82,out_com.ai.viewer.illustrator
133,2137,1,0,2,0,0,1,0,0,0,0,0,1,0,0,0,0,0,0,0,1,0,0,0,0,0,0,0,0,0,0,0,0,0,0,1,1,0,0,0,0,0,0,0,0,0,0,5,2,0,0,0,0,0,0,0,0,0,0,0,20,0,0,0,4,6,6,8,6,0,0,16,2,0,0,0,0,37,out_com.aibb.wallet
134,22464,8,12,50,0,0,0,0,0,0,0,0,0,0,0,1,0,0,1,0,1,0,0,0,0,0,0,0,0,1,0,0,0,0,0,0,1,0,0,0,0,0,0,0,0,0,0,75,8,0,0,0,0,0,0,0,0,1,20,11,138,55,619,0,58,55,53,13,15,0,0,271,192,43,0,0,0,278,out_com.aim.multiplayer
135,9659,2,2,29,0,0,0,0,0,0,0,0,1,0,0,0,0,0,1,0,1,0,0,0,0,0,0,0,0,1,0,0,0,0,0,0,1,0,0,0,0,0,0,0,0,0,0,17,3,0,0,0,0,0,0,0,0,0,4,1,179,20,110,0,24,14,34,6,9,0,0,105,68,19,0,0,0,118,out_com.aim.racing
136,10571,2,4,28,0,0,0,0,0,1,0,0,1,0,0,1,0,0,1,0,1,0,0,0,0,0,0,0,0,1,0,0,0,0,0,0,1,0,0,0,0,0,0,0,0,0,0,11,3,0,0,0,0,0,0,0,0,0,12,8,46,12,231,0,25,16,25,6,7,0,0,124,94,17,0,0,0,99,out_com.aim.racing.sf
137,8475,1,3,17,0,0,0,0,0,0,0,0,1,0,0,1,0,0,1,0,1,0,0,0,0,0,0,0,0,1,0,0,0,0,0,1,1,0,0,0,0,0,0,0,0,0,0,13,2,0,0,0,0,0,0,0,0,0,8,4,108,8,146,0,22,16,21,6,7,0,0,98,76,16,0,0,0,122,out_com.aim.racinggt
138,10286,1,2,25,0,0,0,0,0,0,0,0,1,0,0,1,0,0,1,0,1,0,0,0,0,0,0,0,0,1,0,0,0,0,0,0,1,0,0,0,0,0,0,0,0,0,0,14,2,0,0,0,0,0,0,0,0,0,10,6,180,35,261,0,21,16,23,6,7,0,0,102,115,23,0,0,0,119,out_com.aim.rallyhum
139,13754,6,7,29,0,0,0,0,0,0,0,0,0,0,0,0,0,0,1,0,1,0,0,0,0,0,0,0,0,1,0,0,0,0,0,1,1,0,0,0,0,0,0,0,0,0,0,35,9,1,0,0,0,0,0,0,0,0,6,2,218,55,402,0,38,46,52,6,7,0,0,145,95,78,0,0,0,159,out_com.aim.traffic.racing
140,3510,4,8,8,0,0,1,1,0,0,1,1,1,0,0,1,0,0,0,0,1,0,0,0,0,0,0,0,0,1,0,0,0,0,0,1,1,0,0,0,0,0,1,0,0,0,1,4,0,0,0,0,0,0,0,0,0,0,4,4,21,58,421,0,12,9,9,1,0,0,0,41,15,114,0,0,0,37,out_com.aimobo.weatherlike
141,6802,5,9,10,0,0,0,0,0,0,0,0,0,0,0,0,0,0,1,0,1,1,0,0,0,0,0,0,0,1,0,0,0,0,0,0,0,0,0,0,0,0,1,0,0,0,0,8,3,0,0,0,0,0,0,0,0,0,4,0,52,11,125,0,16,4,24,3,5,0,0,56,32,17,0,0,0,90,out_com.airasia.mobile
142,4249,0,1,10,0,0,0,0,0,0,0,0,0,0,0,0,0,0,0,0,1,0,0,0,0,0,0,0,0,1,0,0,0,0,0,0,1,0,0,0,0,0,0,0,0,0,0,7,2,0,0,0,0,0,0,0,0,0,1,0,15,0,0,0,6,2,16,4,6,0,0,24,7,8,0,0,0,24,out_com.airbit.outcast
143,11876,19,34,199,0,0,1,1,0,1,1,1,1,0,0,1,0,0,1,0,1,0,0,0,0,0,0,0,0,1,0,0,0,0,0,1,1,0,0,0,0,0,0,0,1,0,0,24,4,0,0,0,0,0,0,0,0,0,9,6,22,49,499,0,35,38,13,9,13,0,0,102,147,12,1,0,0,43,out_com.airconsole.controller
144,5310,16,21,131,1,1,1,1,0,1,1,1,0,0,0,0,0,1,1,0,1,1,0,0,0,0,0,0,0,1,0,0,0,0,0,1,1,0,0,0,0,0,1,0,0,0,0,13,0,0,0,0,0,0,0,0,0,0,0,0,25,45,192,0,7,2,4,7,6,0,0,34,23,27,0,0,0,46,out_com.airgoat.goat
145,7093,3,5,26,0,0,1,1,0,0,0,0,0,0,0,0,0,0,1,0,1,0,0,0,0,0,0,0,0,1,0,1,1,0,0,1,1,0,0,0,0,0,0,0,0,0,0,29,3,0,0,0,0,0,0,0,0,1,2,1,144,1,7,0,10,34,12,5,7,0,0,57,39,8,3,0,0,32,out_com.airtelmyplan
146,26065,21,25,102,0,0,1,0,0,1,1,1,1,0,0,0,0,0,1,0,1,0,0,0,0,0,0,0,0,1,0,0,0,0,0,1,1,0,0,0,0,0,1,0,0,0,0,291,9,2,1,0,0,0,0,0,0,2,8,4,197,61,626,0,42,91,46,10,16,0,0,379,237,291,0,0,0,271,out_com.ais.mimo.eservice
147,8544,4,8,42,0,0,0,0,0,0,0,0,0,0,0,0,0,0,1,0,1,0,0,0,0,0,0,0,0,1,0,0,0,0,0,0,1,0,0,0,0,0,0,0,0,0,0,15,0,0,0,0,0,0,0,0,0,0,8,6,32,11,283,0,18,102,12,6,6,0,0,91,25,4,0,0,0,50,out_com.aiTeam.logoMakers
148,5072,1,3,22,0,0,0,0,0,0,1,1,1,0,0,0,0,0,0,0,1,0,0,0,0,0,0,0,0,1,0,0,0,0,0,1,1,0,0,0,0,0,0,0,0,0,0,10,2,0,0,0,0,0,0,0,0,0,3,0,175,1,5,0,15,13,10,3,3,0,0,56,29,64,0,0,0,102,out_com.aiTeam.ThreedLogoMakers
149,9811,16,8,37,1,1,1,1,1,1,1,1,1,1,1,1,1,1,1,1,1,1,1,1,1,1,1,1,1,1,1,1,1,1,1,1,1,1,1,1,1,1,1,1,1,1,1,263,0,0,0,0,0,0,0,0,0,0,3,2,17,64,450,0,9,14,23,3,8,0,0,62,32,0,0,0,225,13,out_com.aitype.android
150,3736,8,10,2,0,0,0,0,0,1,0,0,0,0,0,0,0,0,1,0,1,0,0,0,0,0,0,0,0,1,0,0,0,0,0,0,1,0,0,0,0,0,1,0,0,0,0,7,1,0,0,0,0,0,0,0,0,1,6,6,27,9,259,0,8,8,2,3,3,0,0,76,27,15,0,0,0,45,out_com.aitype.android.emojinew
151,3698,7,10,2,0,0,0,0,0,1,0,0,0,0,0,0,0,0,1,0,1,0,0,0,0,0,0,0,0,1,0,0,0,0,0,0,1,0,0,0,0,0,1,0,0,0,0,7,1,0,0,0,0,0,0,0,0,1,6,6,27,9,259,0,6,8,2,3,3,0,0,76,25,15,0,0,0,45,out_com.aitype.android.lang.ar
152,6239,7,12,25,0,0,0,0,0,0,0,0,1,0,0,0,0,0,1,0,1,1,0,0,0,0,0,0,0,1,0,0,0,0,0,0,0,0,0,0,0,0,1,0,0,0,0,5,2,0,0,0,0,0,0,0,0,0,5,2,46,12,307,0,11,3,23,3,3,0,0,48,30,4,0,0,0,81,out_com.aivknowtech.redhotpaisley
153,11293,11,19,46,1,1,0,1,1,1,0,0,1,0,0,1,0,0,1,0,1,0,0,0,0,0,0,0,0,1,0,0,0,0,0,1,1,0,0,0,0,0,1,0,1,0,0,36,6,2,0,0,0,0,0,0,0,1,4,5,384,147,1155,0,44,12,19,4,8,0,0,87,31,4,0,0,0,557,out_com.aja.gd.events
154,10248,11,20,51,0,0,0,0,0,0,0,0,0,0,0,0,0,0,1,0,1,0,0,0,0,0,0,0,0,1,0,0,0,0,0,1,1,0,0,0,0,0,0,0,0,0,0,36,3,0,0,0,0,0,0,0,0,1,7,4,41,18,289,0,21,8,15,6,6,0,0,103,43,12,0,0,0,70,out_com.akapps.statussaver
155,9341,8,4,42,0,0,0,0,0,0,0,0,1,0,0,0,0,0,1,0,1,0,0,0,0,0,0,0,0,1,0,0,0,0,0,0,1,0,0,0,0,0,1,0,0,0,0,18,6,0,0,0,0,0,0,0,0,2,6,4,140,42,199,0,25,8,23,6,14,0,0,87,31,27,0,0,0,60,out_com.akeel.smuqbzkwovuirvmq
156,6442,6,17,83,0,0,1,1,0,1,1,1,1,0,0,1,0,1,1,0,1,0,0,0,0,0,0,0,0,1,0,0,0,0,0,1,1,0,0,0,0,0,0,0,0,0,0,1,0,0,0,0,0,0,0,0,0,0,2,2,14,3,56,0,13,2,16,2,4,0,0,62,63,13,0,0,0,14,out_com.akelnifood.delivery
157,3508,0,0,5,0,0,0,0,0,0,0,0,0,0,0,0,0,0,0,0,1,0,0,0,0,0,0,0,0,1,0,0,0,0,0,1,1,0,0,0,0,0,0,0,0,0,0,5,0,0,0,0,0,0,0,0,0,0,3,0,15,2,15,0,7,2,9,4,5,0,0,19,9,3,0,0,0,29,out_com.akhmalfabian.logoideas
158,14971,18,19,30,0,0,0,0,0,0,0,0,1,0,0,0,0,0,1,0,1,0,0,0,0,0,0,0,0,1,0,0,0,0,0,1,1,0,0,0,0,0,1,0,0,0,0,6,0,0,0,0,0,0,0,0,0,0,3,0,47,22,354,0,21,3,18,3,8,0,0,76,32,9,0,0,25,148,out_com.akonthi.akonthi
159,12174,3,6,10,0,0,0,0,0,0,0,0,0,0,0,0,0,0,1,0,1,0,0,0,0,0,0,0,0,1,0,0,0,0,0,0,0,0,0,0,0,0,0,0,0,0,0,38,6,0,0,0,0,0,0,0,0,1,5,2,335,19,252,0,22,6,13,3,3,0,0,97,65,15,0,0,0,116,out_com.al3aabna.trix
160,16777,12,16,64,0,0,0,0,0,0,0,0,1,0,0,0,0,0,1,0,1,0,0,0,0,0,0,0,0,1,0,0,0,0,0,0,1,0,0,0,0,0,1,0,0,0,0,29,7,0,0,0,0,0,0,0,0,3,5,3,329,49,333,0,35,12,28,4,11,0,0,124,88,20,0,0,0,153,out_com.alaaibrahim.Cooking
161,4478,0,0,6,0,0,0,0,0,0,0,0,0,0,0,0,0,0,0,0,1,0,0,0,0,0,0,0,0,1,0,0,0,0,0,0,0,0,0,0,0,0,0,0,0,0,0,15,2,0,0,0,0,0,0,0,0,0,3,0,173,0,0,0,8,1,12,3,5,0,0,49,37,3,0,0,0,102,out_com.alab_banat.jadida.newgirlsgame
162,5364,0,0,5,0,0,0,0,0,0,1,1,1,0,0,0,0,0,0,0,1,0,0,0,0,0,0,0,0,1,0,0,0,0,0,0,1,0,0,0,0,0,0,0,0,0,0,0,0,0,0,0,0,0,0,0,0,0,8,6,3,8,171,0,9,0,8,0,0,0,0,33,10,4,0,0,0,5,out_com.alaea.zawjia
163,6750,5,16,22,0,0,0,0,0,0,1,0,1,0,0,1,0,0,1,0,1,0,0,0,0,0,0,0,0,1,0,0,0,0,0,1,1,0,0,0,0,0,1,0,0,0,0,15,0,0,0,0,0,0,0,0,0,1,5,4,143,43,1012,0,8,15,12,8,3,0,0,69,34,7,0,0,0,7,out_com.alamesacuba.app
164,8435,5,3,43,0,0,0,0,0,0,0,1,1,0,0,0,0,0,1,0,1,0,0,0,0,0,0,0,0,1,0,0,0,0,0,0,1,0,0,0,0,0,0,0,0,0,0,7,0,0,0,0,0,0,0,0,0,0,8,4,39,44,232,0,59,11,34,12,9,0,0,102,68,57,0,0,0,59,out_com.alanapps.standoff
165,13116,32,23,40,1,0,1,0,0,0,1,0,1,0,0,1,0,0,1,1,1,1,0,0,0,0,0,0,0,1,0,0,0,0,0,1,1,0,0,0,0,0,1,0,0,0,0,5,1,0,0,0,0,1,0,0,0,1,11,8,93,121,647,0,37,24,25,2,2,0,0,152,213,56,8,0,0,244,out_com.alarmclock.xtreme.free
166,4203,4,16,15,0,0,0,0,0,0,0,0,0,0,0,0,0,0,1,0,1,0,0,0,0,0,0,0,0,1,0,0,0,0,0,0,0,0,0,0,0,0,0,0,0,0,0,2,0,0,0,0,0,0,0,0,0,0,3,3,6,14,279,0,3,1,4,0,0,0,0,25,7,0,0,0,0,0,out_com.alawdy.mangaking
167,17857,13,17,66,0,0,0,0,0,1,0,0,1,0,0,0,0,0,1,0,1,1,0,0,0,0,0,0,0,1,0,0,0,0,0,0,1,0,0,0,0,0,1,0,0,0,0,17,4,1,0,0,0,0,0,0,0,0,14,10,130,62,607,0,45,17,29,7,8,0,0,188,88,22,0,0,0,132,out_com.aldiko.android
168,9782,5,12,18,0,0,1,0,0,1,0,0,1,0,0,0,0,0,1,0,1,0,0,0,0,0,0,0,0,1,0,0,0,0,0,1,1,0,0,0,0,0,0,0,0,0,0,11,4,0,0,0,0,0,0,0,0,1,11,8,186,30,332,0,21,5,13,3,4,0,0,91,60,3,0,0,0,115,out_com.aleskovacic.messenger
169,18723,8,12,22,0,0,0,0,0,0,0,1,1,0,0,1,0,0,1,0,1,1,0,0,0,0,0,0,0,1,0,0,0,0,0,0,1,0,0,1,0,0,1,0,1,1,0,37,9,0,0,0,0,0,0,0,0,1,8,2,104,46,583,0,96,47,63,14,19,0,0,155,179,161,0,0,4,182,out_com.alex.kv.tangolovers
170,17911,23,27,165,0,0,1,0,0,1,0,1,1,0,1,1,0,0,1,1,1,1,0,0,0,0,0,0,0,1,0,0,0,0,0,1,1,0,0,1,0,0,1,0,1,1,0,20,10,0,0,0,0,0,0,0,0,2,10,7,86,36,750,0,43,20,26,7,12,0,0,154,96,15,0,0,7,152,out_com.alexvas.dvr
171,3440,1,4,3,0,0,0,1,0,0,0,0,0,0,0,0,0,0,1,0,1,0,0,0,0,0,0,0,0,1,0,0,0,0,0,0,0,0,0,0,0,0,0,0,0,0,0,3,0,0,0,0,0,0,0,0,0,1,0,0,9,1,23,0,2,5,2,1,1,0,0,32,13,1,0,0,0,0,out_com.alexz.antiphone
172,4651,4,7,10,0,0,0,0,0,1,0,0,1,0,0,0,0,0,1,0,1,1,0,0,0,0,0,0,0,1,0,0,0,0,0,0,1,0,0,1,0,0,1,0,0,0,0,5,0,0,0,0,0,0,0,0,0,0,2,0,23,15,184,0,14,1,14,4,5,0,0,25,11,4,0,0,0,38,out_com.alfaricardo.insta
173,2230,35,6,13,0,0,0,0,0,0,0,0,0,0,1,0,0,0,1,0,1,1,0,0,0,0,0,0,0,1,0,0,0,0,0,0,1,0,0,0,0,0,1,0,0,1,0,17,7,0,0,0,0,0,0,0,0,0,0,0,12,0,2,0,7,28,5,6,6,0,0,39,11,0,0,0,0,24,out_com.algorits.taghvimpars
174,7688,1,0,10,0,0,0,0,0,0,1,1,1,0,0,0,0,0,1,0,1,0,0,0,0,0,0,0,0,1,0,0,0,0,0,0,0,0,0,0,0,0,0,0,0,0,0,24,4,0,0,0,0,0,0,0,0,1,3,0,169,3,275,0,16,31,19,5,5,0,0,63,44,9,0,0,0,101,out_com.alias.alias
175,52734,18,56,643,1,1,1,1,1,1,1,1,1,0,1,1,0,1,1,0,1,1,0,0,0,0,0,0,0,1,0,0,0,0,0,1,1,0,0,0,1,0,1,0,1,1,1,260,14,0,0,0,0,2,0,0,0,6,6,4,483,102,1216,0,79,123,82,34,36,0,0,723,328,502,0,0,0,2019,out_com.alibaba.android.rimet
176,20749,23,39,109,0,0,1,1,0,0,0,0,1,0,1,1,0,0,1,0,1,1,0,0,0,0,0,0,0,1,0,0,0,0,0,1,1,0,0,0,0,0,1,0,0,1,0,33,7,0,0,0,0,0,0,0,0,4,6,3,329,67,478,0,47,21,33,6,13,0,0,148,115,23,0,0,0,159,out_com.alidirectortv.app.dalil
177,9679,7,15,53,0,0,0,0,0,0,1,1,1,0,0,0,0,0,1,0,1,0,0,0,0,0,0,0,0,1,0,0,0,0,0,0,0,0,0,0,0,0,1,0,0,0,0,10,7,0,0,0,0,0,0,0,0,0,3,0,131,10,28,0,25,18,13,7,6,0,0,133,39,60,0,0,0,149,out_com.alienbits.tawla31
178,6218,0,0,7,0,0,0,0,0,0,0,0,0,0,0,0,0,0,0,0,1,0,0,0,0,0,0,0,0,1,0,0,0,0,0,0,1,0,0,0,0,0,0,0,0,0,0,18,1,0,0,0,0,0,0,0,0,0,6,0,26,2,17,0,15,28,18,6,7,0,0,50,39,4,0,0,0,38,out_com.alienbits.tawle
179,12032,0,1,25,0,0,0,0,0,0,1,1,1,0,0,0,0,0,0,0,1,0,0,0,0,0,0,0,0,1,0,0,0,0,0,0,1,0,0,0,0,0,0,0,0,0,0,6,1,0,0,0,0,0,0,0,0,0,11,6,38,11,222,0,20,2,21,8,8,0,0,73,69,8,0,0,0,67,out_com.aliensapps.codekarim.routemaroc
180,36440,39,51,184,0,0,1,0,0,1,1,1,1,0,1,1,0,0,1,0,1,1,0,0,0,0,0,0,1,1,0,0,0,0,0,1,1,0,0,0,0,0,1,0,0,1,0,1922,8,2,0,0,0,0,0,0,0,1,17,11,168,95,1032,0,55,78,59,20,23,0,0,362,213,53,0,0,0,265,out_com.alivecor.aliveecg
181,5932,9,8,7,0,0,1,1,0,0,1,0,1,0,0,0,0,0,1,0,1,0,0,0,0,0,0,0,0,1,0,0,0,0,0,0,1,0,0,0,0,0,0,0,0,0,0,5,2,0,0,0,0,0,0,0,0,0,3,2,19,8,225,0,6,10,11,7,3,0,0,53,48,6,0,0,0,27,out_com.alk.copilot.mapviewer
182,5870,4,14,14,0,0,0,0,0,0,0,0,0,0,0,0,0,0,1,0,1,0,0,0,0,0,0,0,0,1,0,0,0,0,0,0,0,0,0,0,0,0,0,0,0,0,0,168,2,0,0,0,0,0,0,0,0,0,3,2,13,49,313,0,7,3,11,7,5,0,0,52,23,1,3,0,0,12,out_com.alkass.sports
183,8198,3,4,15,0,0,0,0,0,0,0,0,1,0,0,0,0,0,1,0,1,0,0,0,0,0,0,0,0,1,0,0,0,0,0,0,1,0,0,0,0,0,0,0,0,0,0,12,1,0,0,0,0,0,0,0,0,0,5,2,95,23,511,0,28,9,28,5,6,0,0,82,70,18,0,0,0,79,out_com.alkemis.boboiboy
184,5337,11,11,8,0,0,0,0,0,1,1,1,0,0,0,0,0,0,1,0,1,0,0,0,0,0,0,0,0,1,0,0,0,0,0,0,1,0,0,0,0,0,1,0,0,0,0,11,0,0,0,0,0,0,0,0,0,0,8,9,3,23,274,0,13,1,6,4,4,0,0,61,21,3,0,0,0,5,out_com.alkhorazmiy.muslimtaqvim
185,7987,1,1,113,0,0,1,0,0,1,1,1,0,0,0,0,0,0,1,0,1,0,0,0,0,0,0,0,0,1,0,0,0,0,0,1,1,0,0,0,0,0,0,0,0,0,0,1,0,0,0,0,0,0,0,0,0,0,12,8,4,46,442,0,29,1,9,0,0,0,0,52,173,7,3,0,0,5,out_com.allergananz.conference2017
186,9624,8,18,69,0,0,0,1,1,1,0,0,1,0,1,1,0,1,1,1,1,0,1,1,1,0,0,1,0,1,0,0,0,0,0,1,1,1,0,0,1,0,1,0,1,0,0,10,2,0,0,0,0,0,0,0,0,1,5,2,165,41,507,0,27,27,10,6,3,0,0,83,328,85,0,0,0,84,out_com.allinone.callerid
187,23317,20,37,83,0,0,1,0,0,1,1,1,1,0,0,0,0,0,1,0,1,1,0,0,0,0,0,0,0,1,0,0,0,0,0,1,1,0,0,0,0,0,1,0,0,0,0,78,14,3,0,0,0,0,0,0,0,4,16,10,137,80,814,0,70,39,45,11,12,0,0,196,147,100,1,0,0,258,out_com.almaany.arar
188,8272,4,6,7,0,0,0,0,0,0,1,0,1,0,0,0,0,0,1,0,1,0,0,0,0,0,0,0,0,1,0,0,0,0,0,0,1,0,0,0,0,0,0,0,0,0,0,7,3,2,0,0,0,0,0,0,0,0,5,2,70,13,263,0,22,5,18,3,4,0,0,54,27,64,0,0,0,122,out_com.almaany.aren
189,4905,0,2,14,0,0,1,0,0,0,1,0,0,0,0,0,0,0,1,0,1,0,0,0,0,0,0,0,0,1,0,0,0,0,0,0,1,0,0,0,0,0,0,0,1,0,0,0,0,0,0,0,0,0,0,0,0,0,3,0,36,12,61,0,15,1,8,4,2,0,0,29,12,9,0,0,0,70,out_com.almundomobile
190,12398,7,11,75,0,0,0,0,0,0,1,1,1,0,0,1,0,1,1,0,1,0,0,0,0,0,0,0,0,1,0,0,0,0,0,1,1,0,0,0,0,0,0,0,1,0,0,36,4,2,0,0,0,0,0,0,0,1,9,6,285,274,1081,0,32,46,27,11,6,1,0,89,78,6,0,0,0,113,out_com.alodokter.android
191,23154,16,28,83,0,0,1,0,0,0,1,1,1,1,0,1,0,1,1,0,1,1,0,0,0,0,0,0,0,1,0,0,0,0,0,1,1,0,0,0,0,0,0,0,0,0,0,1060,1,0,2,0,0,0,0,0,0,4,5,3,123,510,1433,0,31,33,50,13,6,0,0,186,50,26,0,0,0,247,out_com.alomair.mod.cveditor
192,3474,0,0,8,0,0,0,0,0,0,0,0,0,0,0,0,0,0,0,0,1,0,0,0,0,0,0,0,0,1,0,0,0,0,0,0,0,0,0,0,0,0,0,0,0,0,0,7,2,0,0,0,0,0,0,0,0,0,4,0,49,0,0,0,11,2,17,4,6,0,0,33,39,11,0,0,0,93,out_com.alp.helicoptergamessimulator
193,4820,0,0,18,0,0,0,0,0,0,0,0,0,0,0,0,0,0,0,0,1,0,0,0,0,0,0,0,0,1,0,0,0,0,0,0,0,0,0,0,0,0,0,0,0,0,0,16,3,0,0,0,0,0,0,0,0,0,4,0,49,0,0,0,14,2,20,4,6,0,0,42,54,12,0,0,0,93,out_com.alp.traingamesfreesimulator
194,3477,0,0,8,0,0,0,0,0,0,0,0,0,0,0,0,0,0,0,0,1,0,0,0,0,0,0,0,0,1,0,0,0,0,0,0,0,0,0,0,0,0,0,0,0,0,0,7,2,0,0,0,0,0,0,0,0,0,4,0,49,0,0,0,11,2,17,4,6,0,0,33,39,11,0,0,0,93,out_com.alp.trainsimulatorgames
195,7001,4,2,8,0,0,0,0,0,0,0,0,1,0,0,0,0,0,1,0,1,0,0,0,0,0,0,0,0,1,0,0,0,0,0,0,0,0,0,0,0,0,0,0,0,0,0,9,6,0,0,0,0,0,0,0,0,0,4,2,44,13,229,0,19,36,17,8,5,0,0,80,25,5,0,0,0,66,out_com.alper.batak.hd
196,3442,0,0,2,0,0,0,0,0,0,0,0,0,0,0,0,0,0,0,0,1,0,0,0,0,0,0,0,0,1,0,0,0,0,0,0,1,0,0,0,0,0,0,0,0,0,0,2,0,0,0,0,0,0,0,0,0,0,3,0,49,0,0,0,8,1,7,4,4,0,0,28,37,6,0,0,0,94,out_com.Alper.Manuganu
197,17473,14,23,51,0,0,0,0,0,1,0,0,1,0,0,0,0,0,1,0,1,0,0,0,0,0,0,0,0,1,0,0,0,0,0,1,1,0,0,0,0,0,1,0,0,0,0,7,7,0,0,0,0,0,0,0,0,1,10,7,183,36,588,0,54,52,30,9,7,0,0,208,207,25,0,0,0,245,out_com.alphainventor.filemanager
198,9277,4,5,14,0,0,0,0,0,0,0,0,0,0,0,0,0,0,1,0,1,0,0,0,0,0,0,0,0,1,0,0,0,0,0,0,0,0,0,0,0,0,0,0,0,0,0,8,5,0,0,0,0,0,0,0,0,0,6,2,54,14,246,0,18,8,27,3,5,0,0,78,44,13,0,0,0,95,out_com.alphaquest.spacelife
199,1616,0,0,1,0,0,0,0,0,0,0,0,0,0,0,0,0,0,0,0,1,0,0,0,0,0,0,0,0,1,0,0,0,0,0,0,1,0,0,0,0,0,0,0,0,0,0,5,4,0,0,0,0,0,0,0,0,0,0,0,12,0,0,0,0,1,2,3,3,0,0,24,2,0,0,0,0,24,out_com.alprogrammer.library.standard
200,5322,4,7,5,0,0,0,0,0,0,1,0,1,0,0,0,0,0,1,0,1,1,0,0,0,0,0,0,0,1,0,0,0,0,0,1,1,0,0,0,0,0,1,0,0,0,0,5,1,0,0,0,0,0,0,0,0,0,3,0,47,6,110,0,10,2,8,4,4,0,0,33,26,4,0,0,0,93,out_com.alquranterjemahanindonesia.guruandroid
201,52398,29,71,81,0,0,1,1,0,1,1,1,1,0,1,1,0,0,1,0,1,1,0,0,0,0,0,0,0,1,0,0,0,0,0,1,1,0,0,0,0,0,1,0,1,0,1,1111,22,0,0,0,0,0,0,0,0,5,24,24,500,150,2035,0,75,140,47,28,30,0,0,428,383,140,1,0,0,5322,out_com.altimetersoftware
202,7024,3,6,10,0,0,0,0,0,0,0,0,0,0,0,0,0,0,1,0,1,0,0,0,0,0,0,0,0,1,0,0,0,0,0,1,1,0,0,0,0,0,0,0,0,0,0,5,2,0,0,0,0,0,0,0,0,0,6,3,45,6,200,0,19,3,13,3,3,0,0,51,31,3,0,0,0,83,out_com.alubuski.hairstylestepbystep
203,9688,5,6,11,0,0,0,0,0,0,0,0,1,0,0,0,0,1,1,0,1,0,0,0,0,0,0,0,0,1,0,0,0,0,0,0,0,0,0,1,0,0,0,0,0,0,0,17,5,0,0,0,0,0,0,0,0,0,8,2,57,4,179,0,23,25,20,6,7,0,0,100,100,12,0,0,368,107,out_com.amalpro.ta3alom.lora_english
204,26479,45,68,329,0,0,0,0,0,0,0,0,1,0,0,0,0,0,1,0,1,1,0,0,0,0,0,0,0,1,0,0,0,0,0,1,1,0,0,1,0,0,1,0,0,0,0,48,23,0,0,0,0,0,0,0,0,7,8,6,88,23,371,0,73,55,50,30,27,0,0,469,153,41,0,0,0,145,out_com.AmazingMinecraftInteriorIdeas.imagesbeat
205,5221,5,13,9,0,0,1,0,0,1,0,0,1,0,0,1,0,0,1,0,1,0,0,0,0,0,0,0,0,1,0,0,0,0,0,0,0,0,0,0,0,0,1,0,1,0,0,6,5,0,0,0,0,0,0,0,0,0,0,0,30,21,267,0,30,5,3,0,0,0,0,27,44,12,1,0,0,55,out_com.amazon.aa
206,13848,32,36,100,0,0,1,1,0,1,1,0,1,0,1,1,0,1,1,0,1,0,0,0,0,0,0,1,0,1,0,0,0,0,0,1,1,0,0,0,0,0,1,0,1,0,0,67,13,0,0,0,0,0,0,0,0,1,3,0,453,34,313,0,17,23,22,17,9,0,0,181,81,113,81,0,0,747,out_com.amazon.chime
207,51325,43,90,191,0,0,1,1,0,1,1,1,1,0,1,1,0,1,1,1,1,1,1,0,0,0,0,0,0,1,1,1,1,0,1,1,1,0,0,0,0,0,1,0,1,1,0,326,29,2,0,0,0,0,0,0,0,0,2,2,620,338,3540,0,127,96,64,39,18,0,0,343,384,95,2,0,0,2177,out_com.amazon.kindle
208,17640,22,27,68,0,0,0,0,0,1,0,0,1,0,1,1,0,0,1,0,1,0,0,0,0,0,0,0,0,1,0,0,0,0,0,1,1,0,0,0,0,0,1,0,0,0,0,20,16,1,0,0,0,0,0,0,0,1,4,0,268,211,1869,0,50,17,22,10,5,0,0,116,209,46,82,0,0,197,out_com.amazon.mp3
209,18921,33,41,168,1,1,1,1,1,1,1,1,1,1,1,1,1,1,1,1,1,1,1,1,1,1,1,1,1,1,1,1,1,1,1,1,1,1,1,1,1,1,1,1,1,1,1,52,29,14,1,0,0,0,0,0,0,0,13,8,274,34,460,0,49,27,35,7,10,0,0,160,209,19,0,0,0,273,out_com.amazon.now
210,6973,6,10,53,0,0,1,0,0,1,0,0,0,0,0,1,0,0,1,0,1,0,0,0,0,0,0,0,0,1,0,0,0,0,0,1,1,0,0,0,0,0,0,0,0,0,0,14,2,0,0,0,0,0,0,0,0,0,0,0,147,21,239,0,30,53,9,8,6,0,0,53,33,12,1,0,0,71,out_com.amazon.sellermobile.android
211,15162,8,12,31,1,1,0,0,0,1,1,1,1,0,1,1,0,0,1,0,1,0,0,0,0,0,0,0,0,1,0,0,0,0,0,1,1,0,0,0,0,0,0,0,0,0,0,30,13,3,0,0,0,0,0,0,0,2,2,1,183,27,656,0,38,12,9,6,6,0,0,91,78,18,1,0,0,130,out_com.amber.p33.ambermobility
212,10686,18,30,97,0,0,0,0,0,0,1,0,1,0,0,1,0,0,1,0,1,0,0,0,0,0,0,0,0,1,0,0,0,0,0,1,1,0,0,0,0,0,1,0,1,0,0,5,7,2,0,0,0,0,0,0,0,1,7,2,90,14,195,0,27,17,28,3,5,0,0,108,85,143,0,0,0,158,out_com.amdroid.pedo.gas.flatulencia
213,15617,9,12,46,0,0,1,0,0,0,0,1,1,0,0,0,0,0,1,0,1,0,0,0,0,0,0,0,0,1,0,0,0,0,0,1,1,0,0,0,0,0,1,0,1,0,0,21,2,0,0,0,0,0,0,0,0,1,7,4,308,31,361,0,40,31,25,3,5,0,0,117,70,58,0,0,0,102,out_com.american.glitter.flag
214,5125,11,10,9,0,0,0,0,0,0,0,1,1,0,0,1,0,0,1,0,1,0,0,0,0,0,0,0,0,1,0,0,0,0,0,0,0,0,0,0,0,0,1,0,0,0,0,5,1,0,0,0,0,0,0,0,0,0,0,0,18,15,60,0,8,7,8,4,5,0,0,30,11,111,0,0,0,38,out_com.amin.pastry
215,3761,0,0,2,0,0,0,0,0,0,0,0,0,0,0,0,0,0,0,0,1,0,0,0,0,0,0,0,0,1,0,0,0,0,0,0,0,0,0,0,0,0,0,0,0,0,0,5,2,0,0,0,0,0,0,0,0,0,3,0,41,1,5,0,8,1,8,3,3,0,0,41,21,3,0,0,0,81,out_com.amindi.ge
216,7724,7,13,15,0,0,0,0,0,0,0,0,0,0,0,0,0,0,1,0,1,1,0,0,0,0,0,0,0,1,0,0,0,0,0,0,1,0,0,1,0,0,1,0,0,0,0,10,2,0,0,0,0,0,0,0,0,1,5,2,192,38,361,0,19,6,10,3,3,0,0,67,38,4,0,0,0,114,out_com.amine.btswp
217,3689,0,0,7,0,0,0,0,0,0,0,0,0,0,0,0,0,0,0,0,1,0,0,0,0,0,0,0,0,1,0,0,0,0,0,0,0,0,0,0,0,0,0,0,0,0,0,5,0,0,0,0,0,0,0,0,0,0,3,0,23,1,11,0,7,2,6,4,4,0,0,28,39,3,0,0,0,38,out_com.amirez.ami.tooths
218,7585,8,13,27,0,0,1,0,0,0,0,0,0,0,0,0,0,0,1,0,1,1,0,0,0,0,0,0,0,1,0,0,0,0,0,1,1,0,0,0,0,0,1,0,0,0,0,45,5,0,0,0,0,0,0,0,0,1,3,2,13,20,359,0,16,33,13,5,7,0,0,56,44,2,0,0,0,12,out_com.amitech.alleventsorg
219,7714,1,2,7,0,0,0,0,0,0,0,0,0,0,0,0,0,0,1,0,1,0,0,0,0,0,0,0,0,1,0,0,0,0,0,0,1,0,0,0,0,0,0,0,0,0,0,6,1,0,0,0,0,0,0,0,0,0,8,6,15,11,222,0,10,1,9,4,4,0,0,45,17,4,0,0,0,29,out_com.amobileteam.cekdarah
220,13987,12,13,72,0,0,1,0,0,0,1,1,1,0,0,1,0,1,1,1,1,0,0,0,0,0,0,0,0,1,0,0,0,0,0,1,1,0,0,0,0,0,1,0,0,0,0,33,4,1,0,0,0,0,0,0,0,0,10,7,242,25,394,0,35,40,20,6,6,0,0,131,80,17,0,0,0,182,out_com.amorepacific.colortailor
221,7585,4,8,5,0,0,0,0,0,0,1,1,0,0,0,0,0,0,1,0,1,0,0,0,0,0,0,0,0,1,0,0,0,0,0,0,1,0,0,0,0,0,0,0,0,0,0,12,4,0,0,0,0,0,0,0,0,1,9,6,56,13,294,0,23,37,14,8,8,0,0,95,47,4,0,0,0,100,out_com.AmorEsporadico.QC
222,12725,8,16,55,0,0,0,1,0,1,1,0,1,0,1,0,0,0,1,0,1,1,0,0,0,0,0,0,0,1,0,0,0,0,0,1,1,0,0,0,0,0,0,0,1,0,0,40,0,0,0,0,0,0,0,0,0,0,5,5,23,11,488,0,13,8,18,2,2,0,0,81,45,4,0,0,0,10,out_com.amp.android
223,7884,7,10,18,0,0,1,0,0,0,0,0,1,0,0,0,0,0,1,0,1,0,0,0,0,0,0,0,0,1,0,0,0,0,0,1,1,0,0,0,0,0,0,0,0,1,0,11,3,0,0,0,0,0,0,0,0,0,5,2,63,43,487,0,26,17,19,4,5,0,0,118,132,134,3,0,0,132,out_com.anansimobile.city_ar
224,11244,2,5,20,0,0,0,0,0,1,0,0,1,0,0,0,0,0,1,0,1,0,0,0,0,0,0,0,0,1,0,0,0,0,0,0,0,0,0,0,0,0,0,0,0,0,0,24,6,0,0,0,0,0,0,0,0,1,5,0,167,65,200,0,27,36,38,6,6,0,0,107,77,83,0,0,0,104,out_com.anasjayed.lbklmlsrjdyd
225,7126,4,8,19,0,0,0,0,0,0,1,1,1,0,0,0,0,0,1,0,1,0,0,0,0,0,0,0,0,1,0,0,0,0,0,0,0,0,0,0,0,0,1,0,0,0,0,15,2,0,0,0,0,0,0,0,0,0,3,2,11,14,248,0,17,38,6,5,5,0,0,58,41,59,0,0,0,13,out_com.anaskhattab.millidose2
226,5632,0,0,7,0,0,0,0,0,0,0,0,0,0,0,0,0,0,1,0,1,0,0,0,0,0,0,0,0,1,0,0,0,0,0,0,0,0,0,0,0,0,0,0,0,0,0,8,5,0,0,0,0,0,0,0,0,0,4,0,58,6,20,0,13,3,24,3,5,0,0,46,24,16,0,0,0,102,out_com.anatomyapps3d.circulatory3d
227,2851,2,1,14,0,0,0,0,0,0,0,0,1,0,0,0,0,0,1,0,1,0,0,0,0,0,0,0,0,1,0,0,0,0,0,1,1,0,0,0,0,0,0,0,0,0,0,11,1,0,0,0,0,0,0,0,0,0,0,0,21,2,23,0,4,1,5,5,4,0,0,23,19,4,0,0,0,39,out_com.anatomyka.android
228,400,0,0,7,0,0,0,0,0,0,0,0,0,0,0,0,0,0,0,0,1,0,0,0,0,0,0,0,0,1,0,0,0,0,0,0,1,0,0,0,0,0,0,0,0,0,0,8,2,0,0,0,0,0,0,0,0,0,1,0,3,0,0,0,3,2,16,0,2,0,0,11,12,8,0,0,0,0,out_com.AnatomyLearning.Anatomy3DViewer3
229,4720,3,6,4,0,0,0,0,0,0,0,0,1,0,0,0,0,0,1,0,1,0,0,0,0,0,0,0,0,1,0,0,0,0,0,1,1,0,0,1,0,0,0,0,0,0,0,5,4,0,0,0,0,0,0,0,0,1,5,2,46,4,190,0,12,4,11,3,3,0,0,53,42,3,0,0,522,94,out_com.ancientdevelopers.naturewallpaperz
230,5129,2,2,3,0,0,0,0,0,1,0,0,1,0,0,1,0,0,1,0,1,0,0,0,0,0,0,0,0,1,0,0,0,0,0,0,1,0,0,0,0,0,0,0,0,0,0,6,0,0,0,0,0,0,0,0,0,0,0,0,6,7,95,0,5,7,8,4,5,0,0,49,41,8,0,0,0,55,out_com.and.games505.Terraria
231,13556,27,27,109,1,1,1,1,1,1,1,1,1,1,1,1,1,1,1,1,1,1,1,1,1,1,1,1,1,1,1,1,1,1,1,1,1,1,1,1,1,1,1,1,1,1,1,7,8,0,0,0,0,0,0,0,0,2,8,2,91,80,982,0,33,35,28,9,3,0,0,120,317,47,0,0,356,158,out_com.anddoes.gingerapex
232,3799,0,0,7,0,0,0,0,0,0,0,0,0,0,0,0,0,0,1,0,1,1,0,0,0,0,0,0,0,1,0,0,0,0,0,1,1,0,0,0,0,0,0,0,0,0,0,0,0,0,0,0,0,0,0,0,0,0,3,0,33,7,19,0,9,0,7,2,2,0,0,32,20,3,0,0,0,70,out_com.andevapps.ontv
233,9900,3,10,24,0,0,0,0,0,0,1,1,0,0,0,0,0,0,1,0,1,0,0,0,0,0,0,0,0,1,0,0,0,0,0,1,1,0,0,0,0,0,1,0,0,0,0,6,3,0,0,0,0,0,0,0,0,1,7,4,61,19,216,0,29,12,14,3,2,0,0,96,92,4,0,0,0,99,out_com.andi.alquran.id
234,5738,2,2,6,0,0,0,0,0,0,0,0,0,0,0,0,0,0,1,0,1,0,0,0,0,0,0,0,0,1,0,0,0,0,0,0,0,0,0,0,0,0,0,0,0,0,0,5,4,0,0,0,0,0,0,0,0,0,7,4,38,22,187,0,15,2,10,2,2,0,0,68,51,4,0,0,0,76,out_com.andi.kamusarab
235,3113,9,10,6,1,1,1,0,0,0,0,0,0,0,0,0,0,0,1,0,1,1,0,0,0,0,0,0,0,1,0,0,0,0,0,0,1,0,0,0,0,0,1,0,0,0,0,0,3,0,0,0,0,0,0,0,0,0,0,0,6,7,154,0,10,1,3,4,4,0,0,30,14,5,0,0,0,12,out_com.andinalink.app001
236,9769,8,13,16,0,0,0,0,0,0,1,1,1,0,0,0,0,0,1,0,1,1,0,0,0,0,0,0,0,1,0,0,0,0,0,1,1,0,0,1,0,0,1,0,0,0,0,24,0,0,0,0,0,0,0,0,0,1,6,3,173,28,310,0,19,33,28,4,3,0,0,75,54,9,0,0,34,77,out_com.andrewou.weatherback
237,14198,9,23,36,0,0,0,0,0,1,0,0,0,0,0,0,0,0,1,0,1,0,0,0,0,0,0,0,0,1,0,0,0,0,0,1,1,0,0,0,0,0,1,0,0,0,0,10,0,0,0,0,0,0,0,0,0,1,5,2,97,38,399,0,27,13,20,6,4,0,0,179,96,25,0,0,0,143,out_com.andrewshu.android.reddit
238,7792,2,2,47,0,0,0,0,0,0,1,1,1,0,0,1,0,0,0,0,1,0,0,0,0,0,0,0,0,1,0,0,0,0,0,1,1,0,0,0,0,0,0,0,0,0,0,17,4,0,0,0,0,0,0,0,0,0,6,0,53,54,173,0,64,17,39,14,12,0,0,98,74,133,0,0,0,75,out_com.Andrey.Pimpmyride
239,4102,1,3,8,0,0,0,0,0,0,0,0,0,0,0,0,0,0,1,0,1,1,0,0,0,0,0,0,0,1,0,0,0,0,0,0,1,0,0,0,0,0,0,0,0,0,0,3,0,0,0,0,0,0,0,0,0,0,2,0,11,2,15,0,12,2,8,3,3,0,0,27,46,4,0,0,0,14,out_com.androazeri.namoz.uz
240,5192,3,6,5,0,0,0,0,0,0,0,0,0,0,0,0,0,0,1,0,1,0,0,0,0,0,0,0,0,1,0,0,0,0,0,0,0,0,0,0,0,0,0,0,0,0,0,0,0,0,0,0,0,0,0,0,0,0,5,2,38,13,241,0,17,4,9,0,0,0,0,32,44,4,0,0,0,70,out_com.androbaby.game2048
241,19779,39,91,89,0,0,1,0,0,1,1,1,0,0,1,0,0,0,1,0,1,1,0,0,0,0,0,0,0,1,0,0,0,0,0,1,1,0,0,0,0,0,1,0,0,0,0,7,3,0,0,0,0,0,0,0,0,0,14,8,36,20,348,1,23,10,30,7,4,0,0,148,109,57,0,0,0,69,out_com.android.chrome
242,4753,0,0,2,0,0,0,0,0,0,0,0,0,0,0,0,0,0,0,0,1,0,0,0,0,0,0,0,0,1,0,0,0,0,0,0,0,0,0,0,0,0,0,0,0,0,0,0,0,0,0,0,0,0,0,0,0,0,4,4,3,6,98,0,5,1,7,4,4,0,0,48,5,4,0,0,0,5,out_com.androidbat.xando
243,3953,0,0,8,0,0,0,0,0,0,0,0,0,0,0,0,0,0,0,0,1,0,0,0,0,0,0,0,0,1,0,0,0,0,0,0,0,0,0,0,0,0,0,0,0,0,0,8,2,0,0,0,0,0,0,0,0,0,4,0,51,1,5,0,11,3,24,3,5,0,0,57,33,11,0,0,0,94,out_com.androiddevelopermx.blogspot.bones3d
244,3847,0,0,6,0,0,0,0,0,0,0,0,0,0,0,0,0,0,0,0,1,0,0,0,0,0,0,0,0,1,0,0,0,0,0,0,0,0,0,0,0,0,0,0,0,0,0,8,2,0,0,0,0,0,0,0,0,0,4,0,51,1,5,0,11,3,24,3,5,0,0,57,33,11,0,0,0,94,out_com.androiddevelopermx.blogspot.organos3d
245,12980,8,11,14,0,0,0,0,0,0,1,1,0,0,0,0,0,0,1,0,1,0,0,0,0,0,0,0,0,1,0,0,0,0,0,0,1,0,0,0,0,0,0,0,0,0,0,5,4,0,0,0,0,0,0,0,0,0,16,10,61,26,544,0,23,6,19,5,5,0,0,116,93,11,0,0,0,114,out_com.androidlab.gpsfix
246,6333,2,1,11,0,0,0,1,0,0,0,0,1,0,0,1,0,1,1,0,1,0,1,0,0,0,0,0,0,1,0,0,0,0,0,0,0,0,0,0,0,0,1,0,0,0,0,5,4,0,0,0,0,0,0,0,0,0,3,0,60,20,79,0,13,4,12,3,3,0,0,57,27,6,0,0,0,110,out_com.androidrocker.callblocker
247,6611,0,0,16,0,0,1,1,0,0,0,0,1,0,0,0,0,0,1,0,1,0,0,0,0,0,0,0,0,1,0,0,0,0,0,1,1,0,0,0,0,0,0,0,0,0,0,5,3,0,0,0,0,0,0,0,0,0,3,0,60,9,96,0,14,4,12,3,3,0,0,57,28,11,0,0,0,110,out_com.androidrocker.qrscanner
248,10208,13,23,46,0,0,0,0,0,0,0,0,1,0,0,1,0,0,1,0,1,1,0,0,0,0,0,0,0,1,0,0,0,0,0,1,1,0,0,0,0,0,0,0,0,1,0,47,5,0,0,0,0,0,0,0,0,0,7,5,168,40,400,0,29,20,18,12,8,0,0,160,89,25,0,0,0,326,out_com.androidrocker.voicechanger
249,2901,0,1,3,0,0,0,0,0,0,0,0,0,0,0,0,0,0,0,0,1,0,0,0,0,0,0,0,0,0,0,0,0,0,0,0,0,0,0,0,0,0,0,0,0,0,0,11,4,0,0,0,0,0,0,0,0,0,0,0,145,13,53,0,2,1,4,3,3,0,0,30,2,0,0,0,0,44,out_com.android_1.clientapp
250,6384,0,0,6,0,0,1,0,0,0,0,0,0,0,0,0,0,0,0,0,1,0,0,0,0,0,0,0,0,1,0,0,0,0,0,1,1,0,0,0,0,0,0,0,0,0,0,9,2,0,0,0,0,0,0,0,0,0,3,0,41,1,5,0,11,1,21,4,6,0,0,51,21,3,0,0,0,81,out_com.andromajd.sweet.snap
251,0,0,0,0,0,0,0,0,0,0,0,0,0,0,0,0,0,0,0,0,0,0,0,0,0,0,0,0,0,0,0,0,0,0,0,0,0,0,0,0,0,0,0,0,0,0,0,0,0,0,0,0,0,0,0,0,0,0,0,0,0,0,0,0,0,0,0,0,0,0,0,0,0,0,0,0,0,0,out_com.andromania.karaokeoffline
252,4147,11,23,149,0,0,1,0,0,0,0,0,1,0,1,0,0,0,1,0,1,1,0,0,0,0,0,0,0,1,0,0,0,0,0,1,1,0,0,0,0,0,1,0,1,0,1,6,0,0,0,0,0,0,0,0,0,1,2,0,6,2,15,0,18,4,11,4,4,0,0,34,25,7,0,0,0,5,out_com.andromo.dev202848.app595183
253,2147,0,1,5,0,0,0,0,0,0,0,0,0,0,0,0,0,0,0,0,1,0,0,0,0,0,0,0,0,1,0,0,0,0,0,0,0,0,0,0,0,0,0,0,0,0,0,5,0,0,0,0,0,0,0,0,0,0,2,2,3,6,54,0,8,1,4,2,2,0,0,12,6,3,0,0,0,5,out_com.andromo.dev274283.app317484
254,2805,1,3,18,0,0,0,0,0,1,0,0,0,0,0,0,0,0,1,0,1,0,0,0,0,0,0,0,0,1,0,0,0,0,0,0,1,0,0,0,0,0,0,0,0,0,0,6,0,0,0,0,0,0,0,0,0,0,2,0,3,10,53,0,11,1,9,2,2,0,0,20,33,4,0,0,0,5,out_com.andromo.dev454490.app438752
255,5438,1,2,15,0,0,0,0,0,1,0,0,0,0,0,0,0,0,1,0,1,0,0,0,0,0,0,0,0,1,0,0,0,0,0,0,0,0,0,0,0,0,0,0,0,0,0,3,1,0,0,0,0,0,0,0,0,1,3,0,33,7,42,0,17,5,13,3,3,0,0,46,40,7,0,0,0,69,out_com.andromo.dev479905.app903007
256,3919,0,0,17,0,0,0,0,0,0,0,0,0,0,0,0,0,0,0,0,1,0,0,0,0,0,0,0,0,1,0,0,0,0,0,0,0,0,0,0,0,0,0,0,0,0,0,3,1,0,0,0,0,0,0,0,0,0,3,0,34,0,0,0,10,2,9,3,3,0,0,36,45,3,0,0,0,69,out_com.andromo.dev492494.app690520
257,5496,1,2,25,0,0,0,0,0,1,0,0,0,0,0,0,0,0,1,0,1,0,0,0,0,0,0,0,0,1,0,0,0,0,0,0,0,0,0,0,0,0,0,0,0,0,0,3,1,0,0,0,0,0,0,0,0,1,3,0,33,7,42,0,17,5,13,3,3,0,0,46,40,7,0,0,0,69,out_com.andromo.dev494239.app578430
258,5401,2,3,7,0,0,0,0,0,0,0,0,1,0,0,0,0,0,1,0,1,0,0,0,0,0,0,0,0,1,0,0,0,0,0,0,1,0,0,0,0,0,0,0,0,0,0,5,4,0,0,0,0,0,0,0,0,0,7,4,46,6,108,0,12,1,8,3,3,0,0,63,22,3,0,0,0,95,out_com.andromo.dev494239.app685601
259,4997,1,2,28,0,0,0,0,0,1,0,0,0,0,0,0,0,0,1,0,1,0,0,0,0,0,0,0,0,1,0,0,0,0,0,0,0,0,0,0,0,0,0,0,0,0,0,3,1,0,0,0,0,0,0,0,0,1,3,0,39,0,0,0,14,5,10,3,3,0,0,46,36,8,0,0,0,89,out_com.andromo.dev494239.app739124
260,2464,1,3,4,0,0,0,0,0,0,0,0,0,0,0,0,0,0,1,0,1,1,0,0,0,0,0,0,0,1,0,0,0,0,0,0,1,0,0,0,0,0,0,0,0,0,0,6,0,0,0,0,0,0,0,0,0,0,2,0,3,2,15,0,11,1,7,2,2,0,0,21,24,4,0,0,0,5,out_com.andromo.dev540689.app521031
261,2464,1,3,4,0,0,0,0,0,0,0,0,0,0,0,0,0,0,1,0,1,1,0,0,0,0,0,0,0,1,0,0,0,0,0,0,1,0,0,0,0,0,0,0,0,0,0,6,0,0,0,0,0,0,0,0,0,0,2,0,3,2,15,0,11,1,7,2,2,0,0,21,24,4,0,0,0,5,out_com.andromo.dev540689.app522042
262,4889,0,0,110,0,0,0,0,0,0,0,0,1,0,0,0,0,0,0,0,1,0,0,0,0,0,0,0,0,1,0,0,0,0,0,0,0,0,0,0,0,0,0,0,0,0,0,3,1,0,0,0,0,0,0,0,0,1,3,0,34,0,0,0,11,4,9,3,3,0,0,44,51,5,0,0,0,69,out_com.andromo.dev548322.app750344
263,5118,0,0,44,0,0,0,0,0,0,0,0,0,0,0,0,0,0,0,0,1,0,0,0,0,0,0,0,0,1,0,0,0,0,0,0,0,0,0,0,0,0,0,0,0,0,0,3,1,0,0,0,0,0,0,0,0,1,3,0,39,0,0,0,13,5,10,3,3,0,0,46,25,8,0,0,0,89,out_com.andromo.dev560918.app645321
264,5113,0,1,8,0,0,0,0,0,0,0,0,1,0,0,0,0,0,0,0,1,0,0,0,0,0,0,0,0,1,0,0,0,0,0,0,0,0,0,0,0,0,0,0,0,0,0,3,1,0,0,0,0,0,0,0,0,1,3,0,33,5,26,0,16,4,10,3,3,0,0,43,26,8,0,0,0,69,out_com.andromo.dev565044.app529263
265,5163,0,0,10,0,0,0,0,0,0,0,0,1,0,0,0,0,0,0,0,1,0,0,0,0,0,0,0,0,1,0,0,0,0,0,0,0,0,0,0,0,0,0,0,0,0,0,3,1,0,0,0,0,0,0,0,0,1,3,0,33,0,0,0,15,4,11,4,3,0,0,67,28,10,0,0,0,69,out_com.andromo.dev601172.app654219
266,3963,0,0,17,0,0,0,0,0,0,0,0,0,0,0,0,0,0,0,0,1,0,0,0,0,0,0,0,0,1,0,0,0,0,0,0,0,0,0,0,0,0,0,0,0,0,0,3,0,0,0,0,0,0,0,0,0,0,2,0,11,2,15,0,9,2,8,3,3,0,0,22,39,3,0,0,0,14,out_com.andromo.dev646242.app653089
267,7272,1,2,259,0,0,0,0,0,1,1,1,1,0,0,0,0,0,1,0,1,0,0,0,0,0,0,0,0,1,0,0,0,0,0,0,0,0,0,0,0,0,0,0,0,0,0,3,1,0,0,0,0,0,0,0,0,1,3,0,33,7,42,0,19,10,13,3,3,0,0,47,42,8,0,0,0,69,out_com.andromo.dev651460.app724511
268,5114,1,11,12,0,0,0,0,0,0,0,0,0,0,0,0,0,0,1,0,1,1,0,0,0,0,0,0,0,1,0,0,0,0,0,0,1,0,0,0,0,0,0,0,0,0,0,3,1,0,0,0,0,0,0,0,0,1,3,0,39,0,0,0,15,5,11,3,3,0,0,51,43,13,0,0,0,89,out_com.andromo.dev657132.app837305
269,4817,0,0,9,0,0,0,0,0,0,0,0,0,0,0,0,0,0,0,0,1,0,0,0,0,0,0,0,0,1,0,0,0,0,0,0,0,0,0,0,0,0,0,0,0,0,0,3,1,0,0,0,0,0,0,0,0,1,3,0,39,0,0,0,13,9,10,3,3,0,0,46,25,8,0,0,0,89,out_com.andromo.dev657132.app937833
270,4371,0,0,15,0,0,0,0,0,0,0,0,0,0,0,0,0,0,0,0,1,0,0,0,0,0,0,0,0,1,0,0,0,0,0,0,0,0,0,0,0,0,0,0,0,0,0,3,1,0,0,0,0,0,0,0,0,1,3,0,33,0,0,0,12,3,10,3,3,0,0,35,18,6,0,0,0,69,out_com.andromo.dev663676.app657192
271,4266,0,0,5,0,0,0,0,0,0,0,0,0,0,0,0,0,0,0,0,1,0,0,0,0,0,0,0,0,1,0,0,0,0,0,0,1,0,0,1,0,0,0,0,0,0,0,3,1,0,0,0,0,0,0,0,0,1,3,0,33,0,0,0,12,3,10,3,3,0,0,37,19,6,0,0,0,69,out_com.andromo.dev680484.app794859
272,4842,0,0,10,0,0,0,0,0,0,0,0,0,0,0,0,0,0,0,0,1,0,0,0,0,0,0,0,0,1,0,0,0,0,0,0,0,0,0,0,0,0,0,0,0,0,0,3,1,0,0,0,0,0,0,0,0,1,3,0,39,0,0,0,13,5,10,3,3,0,0,46,25,8,0,0,0,89,out_com.andromo.dev683420.app726734
273,4332,0,0,10,0,0,0,0,0,0,0,0,0,0,0,0,0,0,0,0,1,0,0,0,0,0,0,0,0,1,0,0,0,0,0,0,0,0,0,0,0,0,0,0,0,0,0,3,1,0,0,0,0,0,0,0,0,1,3,0,33,0,0,0,12,3,10,3,3,0,0,35,18,6,0,0,0,69,out_com.andromo.dev701988.app853577
274,4406,0,0,19,0,0,0,0,0,0,0,0,0,0,0,0,0,0,0,0,1,0,0,0,0,0,0,0,0,1,0,0,0,0,0,0,1,0,0,1,0,0,0,0,0,0,0,3,1,0,0,0,0,0,0,0,0,1,3,0,33,0,0,0,12,3,10,3,3,0,0,51,19,6,0,0,0,69,out_com.andromo.dev759880.app845507
275,4269,0,0,6,0,0,0,0,0,0,0,0,0,0,0,0,0,0,0,0,1,0,0,0,0,0,0,0,0,1,0,0,0,0,0,0,1,0,0,1,0,0,0,0,0,0,0,3,1,0,0,0,0,0,0,0,0,1,3,0,33,0,0,0,12,3,10,3,3,0,0,37,18,6,0,0,0,69,out_com.andromo.dev759880.app848654
276,5782,1,4,30,0,0,0,0,0,0,0,0,0,0,0,0,0,0,0,0,1,0,0,0,0,0,0,0,0,1,0,0,0,0,0,0,0,0,0,0,0,0,0,0,0,0,0,3,1,0,0,0,0,0,0,0,0,1,7,4,33,16,133,0,17,5,11,3,4,0,0,56,31,9,0,0,0,69,out_com.andromo.dev8656.app788062
277,5821,5,11,14,0,0,0,0,0,0,0,0,1,0,0,0,0,0,1,0,1,0,0,0,0,0,0,0,0,1,0,0,0,0,0,0,1,0,0,0,0,0,0,0,0,0,0,1,0,0,0,0,0,0,0,0,0,0,9,6,56,10,305,0,17,9,9,1,0,0,0,75,66,3,0,0,0,110,out_com.andropenoffice
278,20488,11,14,50,0,0,1,0,0,0,0,0,0,0,0,0,0,0,1,0,1,0,0,0,0,0,0,0,0,1,0,0,0,0,0,0,1,0,0,1,0,0,0,0,0,0,0,28,5,0,0,0,0,0,0,0,0,1,15,9,106,35,623,0,37,36,33,8,9,0,0,198,132,39,0,0,0,165,out_com.androvid
279,6797,4,2,35,0,0,0,0,0,1,1,1,0,0,0,1,0,1,1,0,1,0,0,0,0,0,0,0,0,1,0,0,0,0,0,1,1,0,0,0,0,0,1,0,0,1,0,1,1,0,0,0,0,0,0,0,0,0,6,4,9,7,115,0,9,11,10,8,4,0,0,62,118,7,0,0,0,20,out_com.androyal.caloriesguide.ar
280,14934,6,10,23,0,0,0,0,0,0,0,0,0,0,0,0,0,0,1,0,1,0,0,0,0,0,0,0,0,1,0,0,0,0,0,0,0,0,0,0,0,0,0,0,0,0,0,22,3,0,0,0,0,0,0,0,0,0,13,8,180,27,427,0,32,16,38,7,8,0,0,154,77,32,0,0,0,125,out_com.androyal.rivercrossing.complete
281,444,0,0,7,0,0,1,0,0,0,0,0,0,0,1,0,0,0,0,0,1,0,0,0,0,0,0,0,0,1,0,0,0,0,0,1,1,0,0,0,0,0,0,0,0,0,0,12,3,0,0,0,0,0,0,0,0,0,1,0,3,0,0,0,3,1,12,1,2,0,0,11,0,8,0,0,0,0,out_com.AndyFront.JerkyMotion
282,5283,8,8,30,0,0,0,0,0,0,0,0,1,0,0,0,0,0,1,1,1,1,0,0,0,0,0,0,0,1,0,0,0,0,0,1,1,0,0,0,0,0,0,0,1,0,1,0,0,0,0,0,0,0,0,0,0,0,3,0,41,78,464,0,21,7,9,2,4,0,0,85,37,10,0,0,0,79,out_com.anghami
283,9521,3,6,7,0,0,0,0,0,0,0,0,0,0,0,0,0,0,1,0,1,0,0,0,0,0,0,0,0,1,0,0,0,0,0,0,0,0,0,0,0,0,0,0,0,0,0,5,5,0,0,0,0,0,0,0,0,1,5,2,75,35,449,0,19,12,14,3,3,0,0,59,44,17,0,0,0,118,out_com.angkormobi.thaicalendar
284,9177,3,7,6,0,0,0,0,0,0,0,0,0,0,0,0,0,0,1,0,1,0,0,0,0,0,0,0,0,1,0,0,0,0,0,0,0,0,0,0,0,0,0,0,0,0,0,5,5,0,0,0,0,0,0,0,0,1,5,2,75,35,428,0,16,12,12,3,3,0,0,59,48,9,0,0,0,118,out_com.angkormobi.ukcalendar
285,6756,1,0,23,0,0,0,0,0,0,0,0,1,0,0,0,0,0,1,0,1,0,0,0,0,0,0,0,0,1,0,0,0,0,0,0,1,0,0,0,0,0,0,0,1,1,0,18,5,0,0,0,0,0,0,0,0,1,4,0,62,1,5,0,13,8,26,6,8,0,0,99,70,13,0,0,0,125,out_com.Anime.Avatar.Creator.Vex
286,5064,0,0,8,0,0,0,0,0,0,0,0,0,0,0,0,0,0,1,0,1,0,0,0,0,0,0,0,0,1,0,0,0,0,0,0,0,0,0,0,0,0,0,0,0,0,0,8,3,0,0,0,0,0,0,0,0,0,4,0,55,0,0,0,13,5,24,3,5,0,0,57,36,13,0,0,0,118,out_com.Anime.Love.Story.Games.Girls
287,8306,7,13,15,0,0,0,0,0,0,0,0,0,0,0,0,0,0,1,0,1,1,0,0,0,0,0,0,0,1,0,0,0,0,0,0,1,0,0,1,0,0,1,0,0,0,0,10,2,0,0,0,0,0,0,0,0,1,5,2,192,107,451,0,31,6,10,3,3,0,0,67,40,4,0,0,529,114,out_com.animegirll.wallpaper
288,14542,16,11,32,0,0,0,0,0,0,0,0,1,0,0,0,0,0,1,0,1,1,0,0,0,0,0,0,0,1,0,0,0,0,0,0,1,0,0,0,0,0,1,0,0,0,0,49,7,1,0,0,0,0,0,0,0,0,10,8,54,66,629,0,53,55,52,12,9,0,0,197,131,59,0,0,0,205,out_com.animoca.google.starGirl
289,14493,16,11,31,0,0,0,0,0,0,0,0,1,0,0,0,0,0,1,0,1,1,0,0,0,0,0,0,0,1,0,0,0,0,0,0,1,0,0,0,0,0,1,0,0,0,0,49,7,1,0,0,0,0,0,0,0,0,10,8,54,66,629,0,53,55,52,12,9,0,0,197,131,59,0,0,0,205,out_com.animoca.google.starGirlChristmas
290,6648,0,1,30,0,0,0,0,0,0,0,0,1,0,0,0,0,0,0,0,1,0,0,0,0,0,0,0,0,1,0,0,0,0,0,0,1,0,0,0,0,0,0,0,0,0,0,17,6,0,0,0,0,0,0,0,0,0,2,0,15,0,0,0,21,10,22,4,7,0,0,67,28,32,0,0,0,24,out_com.animocabrands.android.beastquest
291,17469,18,18,70,0,0,0,0,0,0,0,0,1,0,0,0,0,0,1,0,1,0,0,0,0,0,0,0,0,1,0,0,0,0,0,0,1,0,0,0,0,0,1,0,0,0,0,30,7,0,0,0,0,0,0,0,0,3,5,3,341,63,426,0,36,13,30,7,14,0,0,148,98,31,0,0,0,177,out_com.anivn
292,6321,11,20,8,0,0,0,0,0,0,0,0,1,0,0,0,0,0,1,0,1,1,0,0,0,0,0,0,0,1,0,0,0,0,0,0,0,0,0,0,0,0,0,0,0,0,0,173,2,0,0,0,0,0,0,0,0,0,7,6,11,23,469,0,17,11,12,6,8,0,0,107,35,14,0,0,0,12,out_com.ankama.dofustouch
293,6895,6,11,15,0,0,0,0,0,0,0,0,1,0,0,0,0,0,1,0,1,1,0,0,0,0,0,0,0,1,0,0,0,0,0,1,0,0,0,0,0,0,0,0,0,0,0,6,3,0,0,0,0,0,0,0,0,0,2,0,53,3,31,0,15,1,13,4,5,0,0,59,63,15,0,0,0,74,out_com.ankama.krosmaga
294,9571,3,6,10,0,0,0,0,0,0,0,0,1,0,0,0,0,0,1,0,1,0,0,0,0,0,0,0,0,1,0,0,0,0,0,1,1,0,0,0,0,0,1,0,0,0,0,93,0,0,0,0,0,0,0,0,0,1,5,2,50,25,321,0,19,46,12,3,3,0,0,62,38,8,0,0,0,70,out_com.anonytun.android
295,0,0,0,0,0,0,0,0,0,0,0,0,0,0,0,0,0,0,0,0,0,0,0,0,0,0,0,0,0,0,0,0,0,0,0,0,0,0,0,0,0,0,0,0,0,0,0,0,0,0,0,0,0,0,0,0,0,0,0,0,0,0,0,0,0,0,0,0,0,0,0,0,0,0,0,0,0,0,out_com.anoshenko.android.solitaires
296,5620,3,5,4,0,0,0,0,0,0,0,0,1,0,0,0,0,0,1,0,1,0,0,0,0,0,0,0,0,1,0,0,0,0,0,0,0,0,0,0,0,0,0,0,0,0,0,1,0,0,0,0,0,0,0,0,0,0,5,2,46,15,245,0,13,4,10,1,1,0,0,41,31,6,0,0,0,79,out_com.ansangha.drchess
297,4566,0,1,8,0,0,0,0,0,0,0,0,0,0,0,0,0,0,1,0,1,0,0,0,0,0,0,0,0,1,0,0,0,0,0,0,0,0,0,0,0,0,0,0,0,0,0,6,2,0,0,0,0,0,0,0,0,0,4,0,41,1,5,0,11,3,26,2,4,0,0,28,32,11,0,0,0,79,out_com.ansangha.drdominoes
298,5059,1,3,5,0,0,0,0,0,0,0,0,0,0,0,0,0,0,1,0,1,0,0,0,0,0,0,0,0,1,0,0,0,0,0,0,0,0,0,0,0,0,0,0,0,0,0,0,0,0,0,0,0,0,0,0,0,0,7,4,41,5,100,0,12,1,10,2,2,0,0,44,26,6,0,0,0,79,out_com.ansangha.drdriving
299,6380,3,5,11,0,0,0,0,0,0,0,0,0,0,0,0,0,0,1,0,1,0,0,0,0,0,0,0,0,1,0,0,0,0,0,0,0,0,0,0,0,0,0,0,0,0,0,7,2,0,0,0,0,0,0,0,0,0,6,2,46,15,247,0,16,7,28,4,5,0,0,64,47,13,0,0,0,79,out_com.ansangha.drjb
300,5182,1,3,5,0,0,0,0,0,0,0,0,0,0,0,0,0,0,1,0,1,0,0,0,0,0,0,0,0,1,0,0,0,0,0,0,0,0,0,0,0,0,0,0,0,0,0,0,0,0,0,0,0,0,0,0,0,0,7,4,41,5,100,0,12,1,10,2,2,0,0,44,26,6,0,0,0,79,out_com.ansangha.drparking4
301,8742,3,5,8,0,0,0,0,0,0,0,0,0,0,0,0,0,0,1,0,1,0,0,0,0,0,0,0,0,1,0,0,0,0,0,0,0,0,0,0,0,0,0,0,0,0,0,8,2,0,0,0,0,0,0,0,0,1,6,2,59,12,222,0,16,9,27,3,5,0,0,43,37,16,0,0,0,88,out_com.ansangha.drspider
302,3594,5,8,8,0,0,0,0,0,0,0,0,0,0,0,0,0,0,1,0,1,0,0,0,0,0,0,0,0,1,0,0,0,0,0,0,1,0,0,0,0,0,0,0,0,0,0,0,0,0,0,0,0,0,0,0,0,0,9,6,22,11,254,0,11,1,5,0,0,0,0,40,43,4,0,0,0,37,out_com.ansh.oriyacalender
303,7403,12,13,43,0,0,1,1,0,1,0,0,1,0,1,1,0,0,1,0,1,0,0,0,0,0,0,0,0,1,0,0,0,0,0,1,1,0,0,0,0,0,1,0,1,0,0,9,1,0,0,0,0,0,0,0,0,1,4,4,49,44,872,0,15,18,11,5,6,0,0,70,143,19,0,0,0,59,out_com.antiland
304,5991,0,0,5,0,0,1,0,0,0,1,0,0,0,1,0,0,0,1,0,1,0,0,0,0,0,0,0,0,1,0,0,0,0,0,1,1,0,0,0,0,0,0,0,0,0,0,1,0,0,0,0,0,0,0,0,0,0,3,0,41,18,99,0,14,9,13,1,1,0,0,35,11,8,0,0,0,69,out_com.antiporn.pornoblock.safebrowser
305,16939,57,80,269,1,1,1,1,1,1,1,1,1,1,1,1,1,1,1,1,1,1,1,1,1,1,1,1,1,1,1,1,1,1,1,1,1,1,1,1,1,1,1,1,1,1,1,59,6,0,0,0,0,0,0,0,1,0,3,2,115,23,186,0,16,23,13,6,6,0,0,138,92,386,0,0,0,421,out_com.antonelyramelison.raokandro
306,11260,14,22,157,0,0,1,0,0,0,1,1,1,1,1,0,0,0,1,0,1,0,0,0,0,0,0,0,0,1,0,0,0,0,0,1,1,0,0,0,1,0,0,0,1,1,0,22,2,0,0,0,0,0,0,0,0,1,7,6,221,60,617,0,23,48,18,20,18,0,0,175,162,30,0,0,0,172,out_com.ants360.yicamera.international
307,7148,13,10,63,1,1,1,1,1,1,1,1,1,1,1,1,1,1,1,1,1,1,1,1,1,1,1,1,1,1,1,1,1,1,1,1,1,1,1,1,1,1,1,1,1,1,1,1011,2,1,0,0,0,0,0,0,0,1,0,0,8,14,210,0,7,6,22,5,5,0,0,58,140,5,0,0,0,12,out_com.anydesk.anydeskandroid
308,14247,42,43,113,1,1,1,1,0,1,1,1,1,0,1,1,0,0,1,0,1,0,0,0,0,0,0,0,0,1,0,0,0,0,0,1,1,0,0,0,0,0,1,0,1,0,0,98,1,2,0,0,0,0,0,0,0,1,5,2,206,70,531,0,24,34,24,20,9,0,0,198,143,22,0,0,0,606,out_com.aoemoji.keyboard
309,4049,1,2,8,0,0,0,1,0,0,0,0,0,0,0,1,0,0,1,0,1,0,0,0,0,0,0,0,0,1,0,0,0,0,0,0,0,0,0,0,0,0,1,0,1,0,0,1,0,0,0,0,0,0,0,0,0,1,3,0,41,4,51,0,8,3,9,2,2,0,0,36,14,6,0,0,0,71,out_com.aoemoji.keyboard.plugin.theme.o10
310,445,2,1,4,0,0,0,0,0,0,0,0,1,0,0,0,0,0,0,0,1,0,0,0,0,0,0,0,0,1,0,0,0,0,0,0,0,0,0,0,0,0,0,0,0,0,0,7,0,0,0,0,0,0,0,0,0,0,0,0,3,0,0,0,2,0,0,0,0,0,0,7,1,6,0,0,0,0,out_com.aofl.adventureacademy
311,5458,5,6,4,0,0,0,0,0,0,0,0,1,0,0,0,0,0,1,0,1,0,0,0,0,0,0,0,0,1,0,0,0,0,0,0,0,0,0,0,0,0,0,0,0,0,0,20,4,0,0,0,0,0,0,0,0,0,7,6,39,13,333,0,11,33,11,5,5,0,0,68,37,4,0,0,0,49,out_com.aofl.readingiq.google
312,19593,28,28,91,0,0,0,1,0,0,0,1,1,0,0,0,0,0,1,0,1,1,0,0,0,0,0,0,0,1,0,0,0,0,0,1,1,0,0,0,0,0,1,0,0,0,0,28,6,0,0,0,0,0,0,0,0,1,12,6,107,240,779,0,40,22,41,7,7,0,0,217,168,20,0,0,0,228,out_com.aor.droidedit
313,16361,9,9,52,0,0,1,0,0,0,0,0,0,0,0,0,0,0,1,0,1,0,0,0,0,0,0,0,0,1,0,0,0,0,0,0,1,0,0,0,0,0,0,0,0,0,0,20,2,0,0,0,0,0,0,0,0,1,6,2,62,42,438,0,56,23,61,5,11,0,0,129,133,48,0,0,0,91,out_com.apalon.scanner.app
314,34886,47,43,92,0,0,0,0,0,0,1,1,0,0,0,0,0,0,1,0,1,0,0,0,0,0,0,0,0,1,0,0,0,0,0,0,0,0,0,0,0,0,1,0,0,0,0,41,6,2,0,0,0,0,0,0,0,2,15,8,154,143,1344,0,100,49,92,8,20,0,0,297,209,102,0,0,99,238,out_com.apalon.weatherradar.free
315,17786,11,19,71,0,0,1,0,0,1,1,1,0,0,0,1,0,1,1,0,1,0,0,0,0,0,0,0,0,1,0,0,0,0,0,1,1,0,0,0,0,0,0,0,0,1,0,424,3,0,0,0,0,0,0,0,0,1,6,6,26,30,460,0,19,8,15,7,7,0,0,101,25,41,6,0,0,26,out_com.apartments.mobile.android
316,4185,2,2,10,0,0,0,0,0,0,0,0,0,0,0,0,0,0,0,0,1,0,0,0,0,0,0,0,0,1,0,0,0,0,0,0,0,0,0,0,0,0,0,0,0,0,0,8,5,0,0,0,0,0,0,0,0,0,4,0,51,1,5,0,12,3,24,3,5,0,0,56,46,11,0,0,0,94,out_com.apc.impossible.mega.dangerous.ramp.stunt
317,4343,0,0,11,0,0,0,0,0,0,0,0,0,0,0,0,0,0,0,0,1,0,0,0,0,0,0,0,0,1,0,0,0,0,0,0,0,0,0,0,0,0,0,0,0,0,0,3,1,0,0,0,0,0,0,0,0,1,3,0,33,0,0,0,12,3,10,3,3,0,0,35,18,6,0,0,0,69,out_com.apenxen.trajnsfilexen
318,7617,0,0,11,0,0,0,0,0,0,0,0,0,0,0,0,0,0,0,0,1,0,0,0,0,0,0,0,0,1,0,0,0,0,0,0,0,0,0,0,0,0,0,0,0,0,0,12,0,0,0,0,0,0,0,0,0,0,6,0,46,0,0,0,17,2,12,8,8,0,0,61,78,6,0,0,0,76,out_com.apk.posio
319,3928,0,0,16,0,0,0,0,0,0,0,0,0,0,0,0,0,0,0,0,1,0,0,0,0,0,0,0,0,1,0,0,0,0,0,1,1,0,0,0,0,0,0,0,0,0,0,0,0,0,0,0,0,0,0,0,0,0,3,0,33,0,0,0,9,1,9,2,2,0,0,43,14,3,0,0,0,69,out_com.apkinstaller.ApkInstaller
320,7393,7,10,17,0,0,0,0,0,0,1,0,1,0,1,1,0,0,1,0,1,1,0,0,0,0,0,0,0,1,0,0,0,0,0,1,1,0,0,1,0,0,1,0,0,0,0,11,7,0,0,0,0,0,0,0,0,0,3,0,204,7,116,0,22,3,13,3,3,0,0,51,50,7,0,0,0,151,out_com.aplikasinm.mydropnshop
